Date,Ob_Temperature (C),Ob_Observed discharge (mm),Ob_Precipitation (mm),Ob_Potential evapotranspiration (mm),Yenisei_Temperature (C),Yenisei_Observed discharge (mm),Yenisei_Precipitation (mm),Yenisei_Potential evapotranspiration (mm),Lena_Temperature (C),Lena_Observed discharge (mm),Lena_Precipitation (mm),Lena_Potential evapotranspiration (mm)
1/1/36,-19.01,5.01,14.06,2.67,-31.41 ,4.46 ,13.60 ,1.93 ,-40.29 ,3.20 ,6.91 ,0.85 
2/1/36,-17.37,3.69,12.52,5.48,-26.64 ,4.02 ,11.08 ,3.81 ,-33.35 ,2.20 ,4.81 ,2.22 
3/1/36,-12.46,3.32,14.75,15.69,-18.19 ,4.10 ,8.82 ,14.44 ,-23.29 ,1.67 ,5.01 ,10.29 
4/1/36,-1.29,2.86,14.94,48,-6.55 ,4.27 ,10.41 ,36.61 ,-7.95 ,1.29 ,6.10 ,31.90 
5/1/36,6.89,8.52,29.19,92.9,2.74 ,13.08 ,37.50 ,68.26 ,3.55 ,8.02 ,19.88 ,73.81 
6/1/36,15.16,31.86,32.43,129.85,8.85 ,97.43 ,55.97 ,82.37 ,9.80 ,67.97 ,60.56 ,82.75 
7/1/36,17.51,28.8,51.2,123.08,15.77 ,42.20 ,76.62 ,99.04 ,16.04 ,41.81 ,57.41 ,103.98 
8/1/36,14.29,26.12,51.31,88.69,11.62 ,27.91 ,82.17 ,65.50 ,12.21 ,25.54 ,72.24 ,65.73 
9/1/36,9.93,12.79,39.05,60.67,6.15 ,19.84 ,43.27 ,40.99 ,5.26 ,29.14 ,34.36 ,36.77 
10/1/36,3.36,11.22,31.48,33.69,-3.39 ,18.17 ,33.21 ,17.28 ,-8.60 ,20.11 ,31.77 ,9.73 
11/1/36,-6.53,6.81,35.22,6.32,-19.90 ,6.52 ,21.52 ,4.99 ,-27.64 ,4.17 ,14.77 ,2.93 
12/1/36,-12.67,4.57,18.28,1.94,-21.87 ,5.52 ,19.10 ,1.79 ,-31.46 ,3.74 ,11.54 ,0.88 
1/1/37,-18.61,4.51,11.16,2.06,-25.82 ,6.08 ,14.57 ,1.79 ,-34.58 ,3.64 ,8.73 ,0.81 
2/1/37,-17.11,3.38,9.18,6.69,-24.86 ,5.23 ,11.06 ,4.13 ,-31.01 ,2.41 ,6.53 ,2.14 
3/1/37,-14.2,3.06,11.89,12.49,-22.25 ,5.51 ,9.64 ,11.13 ,-26.84 ,1.79 ,2.99 ,7.58 
4/1/37,-2.39,2.79,24.05,42.5,-8.02 ,4.75 ,12.09 ,35.74 ,-10.02 ,1.24 ,8.77 ,30.05 
5/1/37,7.59,5.99,33.54,91.55,4.42 ,26.06 ,25.45 ,76.69 ,3.12 ,4.99 ,16.71 ,72.33 
6/1/37,15.74,31.83,50.26,123.68,12.01 ,87.53 ,54.99 ,97.45 ,12.08 ,68.56 ,44.02 ,100.67 
7/1/37,17.6,32.31,57.67,119.82,14.54 ,31.59 ,77.23 ,92.80 ,14.79 ,36.92 ,76.32 ,96.23 
8/1/37,14.15,31.86,40.5,94.06,10.23 ,25.40 ,73.14 ,62.82 ,10.88 ,30.14 ,65.37 ,64.69 
9/1/37,9.57,13.47,43.25,61.84,4.76 ,22.26 ,51.64 ,37.81 ,4.03 ,38.40 ,50.75 ,33.79 
10/1/37,2.25,10.48,28.96,31.5,-4.58 ,20.08 ,30.96 ,15.53 ,-8.52 ,21.06 ,28.07 ,10.83 
11/1/37,-10.13,5.65,19.03,6.1,-18.56 ,6.12 ,21.24 ,4.74 ,-26.61 ,3.48 ,11.87 ,2.54 
12/1/37,-21.08,5.34,20.94,2.54,-30.75 ,5.26 ,15.54 ,3.02 ,-35.88 ,3.06 ,11.50 ,1.14 
1/1/38,-21.77,4.86,8.94,3.78,-28.82 ,5.97 ,11.87 ,3.38 ,-35.73 ,3.27 ,8.60 ,0.86 
2/1/38,-16.81,3.53,15.02,4.09,-23.84 ,5.21 ,12.22 ,3.95 ,-32.37 ,2.01 ,6.58 ,2.03 
3/1/38,-10.03,3.24,13.81,15.1,-13.47 ,5.18 ,10.13 ,16.38 ,-19.58 ,1.48 ,7.00 ,10.69 
4/1/38,4.27,3.93,24.96,66.03,-1.81 ,5.12 ,24.22 ,44.25 ,-6.52 ,0.98 ,15.16 ,31.09 
5/1/38,10.04,22.91,51.56,103.69,3.67 ,62.74 ,33.28 ,72.43 ,2.35 ,5.11 ,28.84 ,65.67 
6/1/38,14.73,34.67,65.27,113.91,11.24 ,71.66 ,59.74 ,90.35 ,11.15 ,89.98 ,64.08 ,87.75 
7/1/38,16.93,31.34,76.2,110.66,14.52 ,30.43 ,62.27 ,100.10 ,14.79 ,58.07 ,76.48 ,94.75 
8/1/38,15.45,20.53,45.49,95.32,12.41 ,18.76 ,70.93 ,71.01 ,12.05 ,43.61 ,59.70 ,68.03 
9/1/38,8.62,12.18,35.25,57.66,5.01 ,17.85 ,49.52 ,37.69 ,5.19 ,24.46 ,29.46 ,35.47 
10/1/38,-0.19,11.01,42.95,24.9,-5.17 ,16.08 ,33.00 ,15.90 ,-9.32 ,14.67 ,21.44 ,10.72 
11/1/38,-6.2,6.12,31.41,6.44,-15.52 ,6.96 ,18.87 ,5.40 ,-22.55 ,3.22 ,9.70 ,2.54 
12/1/38,-23.26,5.42,14.26,1.36,-28.84 ,5.66 ,15.60 ,3.17 ,-37.07 ,2.95 ,6.46 ,1.23 
1/1/39,-20.78,4.78,12.44,3.31,-28.55 ,5.93 ,12.85 ,2.63 ,-39.61 ,2.72 ,5.69 ,1.06 
2/1/39,-14.2,3.45,13.67,5.06,-20.27 ,5.18 ,11.11 ,3.96 ,-29.12 ,1.45 ,5.51 ,1.96 
3/1/39,-10.68,3.22,10.27,15.72,-15.64 ,5.30 ,9.87 ,15.08 ,-20.37 ,1.14 ,4.09 ,10.65 
4/1/39,2.6,2.85,22.49,57.79,-2.72 ,5.31 ,17.03 ,44.75 ,-7.21 ,1.20 ,10.29 ,34.54 
5/1/39,8.1,15.1,41.46,90.73,2.64 ,40.37 ,34.16 ,70.45 ,2.44 ,5.72 ,28.02 ,68.47 
6/1/39,16.77,38.41,51.31,129.43,13.19 ,82.13 ,49.40 ,101.29 ,11.30 ,75.20 ,42.38 ,94.76 
7/1/39,17.52,33.62,64.63,121,14.89 ,27.50 ,58.96 ,100.32 ,14.06 ,31.76 ,60.64 ,96.92 
8/1/39,13.84,21.1,48.25,89.21,12.72 ,19.83 ,77.76 ,71.46 ,13.05 ,30.56 ,53.66 ,74.22 
9/1/39,8.68,11.21,37.79,64.22,5.64 ,20.50 ,39.91 ,44.63 ,5.20 ,22.20 ,29.76 ,40.25 
10/1/39,-0.4,9.85,33.02,25.53,-5.46 ,14.85 ,22.32 ,16.89 ,-9.09 ,11.94 ,16.90 ,12.39 
11/1/39,-9.86,4.9,19.59,5.23,-18.70 ,5.58 ,18.66 ,5.21 ,-25.58 ,2.40 ,12.88 ,2.46 
12/1/39,-13.29,4.66,18.54,2.76,-18.53 ,5.15 ,20.81 ,2.37 ,-29.30 ,3.00 ,14.36 ,0.81 
1/1/40,-26.52,3.91,12.48,2.6,-34.62 ,5.03 ,9.73 ,2.57 ,-37.78 ,2.68 ,6.43 ,1.22 
2/1/40,-17.64,2.75,9.44,5.69,-23.89 ,4.34 ,11.05 ,4.74 ,-31.60 ,1.45 ,4.13 ,2.58 
3/1/40,-8.96,2.77,12.84,17.9,-14.51 ,4.09 ,11.17 ,16.20 ,-20.52 ,0.99 ,8.68 ,9.91 
4/1/40,3.31,3.35,21.97,63.58,-4.15 ,4.83 ,19.53 ,40.76 ,-8.18 ,0.46 ,16.30 ,29.97 
5/1/40,6.74,18.71,41.76,90.21,3.12 ,26.42 ,27.47 ,71.74 ,1.46 ,0.62 ,16.90 ,65.76 
6/1/40,15.41,37.07,45.57,124.92,11.93 ,86.14 ,64.32 ,91.48 ,11.28 ,68.96 ,53.00 ,94.04 
7/1/40,18.82,32.23,52.58,132.92,13.93 ,36.15 ,76.43 ,91.79 ,14.55 ,36.53 ,72.11 ,96.06 
8/1/40,16.55,14.02,52.36,101.25,12.19 ,19.15 ,61.71 ,72.14 ,10.45 ,29.53 ,58.35 ,65.95 
9/1/40,9.82,7.08,31.42,60.97,5.02 ,16.28 ,45.01 ,37.97 ,2.48 ,20.93 ,37.12 ,33.19 
10/1/40,-1.76,6.69,37.72,21.59,-6.88 ,15.81 ,26.37 ,15.47 ,-11.63 ,10.84 ,21.16 ,10.43 
11/1/40,-7.91,3.57,27.07,8.78,-17.39 ,7.27 ,22.35 ,5.56 ,-28.31 ,2.34 ,11.56 ,2.73 
12/1/40,-16.91,4.31,22.65,3.25,-26.10 ,5.64 ,16.44 ,3.01 ,-35.54 ,2.25 ,11.14 ,1.24 
1/1/41,-20.05,3.68,15.66,3.57,-28.84 ,5.57 ,12.17 ,2.62 ,-39.04 ,2.63 ,9.91 ,0.71 
2/1/41,-20.71,2.73,9.84,4.32,-28.44 ,4.80 ,8.91 ,4.35 ,-36.67 ,1.76 ,3.99 ,2.22 
3/1/41,-10.51,2.99,18.37,16.24,-18.07 ,4.70 ,15.41 ,14.39 ,-26.36 ,1.49 ,5.14 ,8.70 
4/1/41,-1.76,2.56,25.74,45.03,-7.96 ,4.27 ,16.87 ,36.02 ,-10.12 ,1.18 ,14.55 ,27.63 
5/1/41,7.86,10.41,38.84,91.4,3.59 ,25.73 ,21.88 ,72.31 ,2.25 ,2.64 ,23.01 ,64.88 
6/1/41,15.59,33.02,59.15,119.48,12.91 ,97.18 ,64.27 ,96.84 ,12.13 ,83.11 ,42.79 ,99.35 
7/1/41,15.66,40.59,66.73,108.3,15.12 ,32.02 ,92.33 ,92.08 ,16.64 ,33.99 ,45.22 ,111.22 
8/1/41,15.13,45.36,55.69,88.04,12.86 ,24.87 ,75.77 ,70.91 ,12.06 ,17.64 ,60.30 ,67.92 
9/1/41,9.55,33.59,38.84,57.81,5.87 ,20.46 ,37.60 ,43.24 ,3.96 ,16.93 ,35.49 ,37.21 
10/1/41,1.19,12.79,27.37,28.08,-3.58 ,17.75 ,25.31 ,18.06 ,-8.18 ,10.89 ,16.34 ,12.85 
11/1/41,-12.61,6.33,16.54,4.72,-18.71 ,6.57 ,24.28 ,4.53 ,-26.27 ,2.41 ,13.42 ,2.10 
12/1/41,-19.06,5.52,17.2,1.74,-26.99 ,5.87 ,14.61 ,2.58 ,-38.70 ,2.56 ,6.67 ,1.29 
1/1/42,-19.89,4.86,11.02,4.08,-26.12 ,5.62 ,12.37 ,2.99 ,-33.69 ,2.18 ,9.63 ,0.70 
2/1/42,-19.11,3.69,7.55,5.59,-28.03 ,4.96 ,8.96 ,4.09 ,-34.93 ,1.37 ,5.40 ,2.13 
3/1/42,-12.89,3.35,13.79,16.36,-17.58 ,5.02 ,10.40 ,15.71 ,-25.15 ,1.21 ,5.36 ,8.82 
4/1/42,-0.35,2.9,20.71,45.49,-6.35 ,4.09 ,17.54 ,36.87 ,-10.60 ,1.08 ,9.07 ,29.25 
5/1/42,7.66,11.23,37.42,90.06,2.14 ,26.98 ,26.64 ,71.41 ,1.41 ,3.07 ,19.23 ,67.51 
6/1/42,16.55,35.69,61.84,119.31,11.71 ,89.64 ,55.73 ,91.18 ,10.17 ,66.69 ,56.56 ,87.62 
7/1/42,18.2,34.76,67.45,115.91,15.50 ,30.47 ,63.33 ,102.83 ,14.89 ,42.82 ,53.61 ,103.28 
8/1/42,15.24,30.89,62.41,88.03,11.69 ,19.95 ,70.71 ,72.59 ,10.56 ,29.00 ,71.28 ,66.51 
9/1/42,10.28,14.52,46.49,60.11,6.21 ,21.17 ,31.48 ,44.85 ,3.90 ,29.88 ,34.61 ,37.77 
10/1/42,0.36,11.45,37.93,23.51,-5.81 ,13.18 ,28.27 ,16.27 ,-9.63 ,12.43 ,28.32 ,9.94 
11/1/42,-7.72,6.92,22.09,8.63,-17.42 ,5.38 ,24.48 ,5.33 ,-25.59 ,2.77 ,20.25 ,2.48 
12/1/42,-14.72,7.87,15.52,1.67,-21.93 ,4.90 ,17.35 ,1.62 ,-31.73 ,2.83 ,11.90 ,0.63 
1/1/43,-22.42,6.62,9.59,2.12,-28.52 ,4.64 ,11.03 ,1.91 ,-35.57 ,2.52 ,8.20 ,0.58 
2/1/43,-16.88,3.78,8.2,4.59,-21.93 ,4.00 ,11.52 ,3.79 ,-30.01 ,1.01 ,7.68 ,2.00 
3/1/43,-11.1,3.16,9.15,16.52,-14.82 ,4.56 ,7.67 ,16.86 ,-17.57 ,1.07 ,7.40 ,12.46 
4/1/43,3.17,3.42,18.86,55.2,-2.25 ,4.25 ,14.90 ,45.80 ,-5.71 ,0.88 ,8.12 ,37.74 
5/1/43,11.83,23.07,43.2,112.21,5.59 ,65.13 ,43.67 ,78.14 ,4.54 ,35.22 ,34.59 ,75.27 
6/1/43,14.95,29.91,62.1,113.5,11.70 ,51.60 ,46.49 ,95.94 ,9.99 ,47.39 ,51.98 ,87.49 
7/1/43,18.04,28.57,61.64,121.82,15.03 ,25.68 ,70.15 ,98.89 ,14.14 ,38.84 ,59.52 ,98.10 
8/1/43,16.69,19.8,59.74,95.98,13.06 ,16.87 ,51.87 ,77.90 ,11.33 ,25.29 ,47.05 ,73.24 
9/1/43,10.05,12.1,40.62,60.04,6.77 ,13.76 ,46.08 ,40.19 ,5.45 ,22.30 ,50.95 ,36.57 
10/1/43,0.57,11.56,32.41,26.69,-3.75 ,15.96 ,31.37 ,17.21 ,-6.11 ,21.35 ,18.71 ,12.62 
11/1/43,-10.98,6,13.21,6.73,-18.70 ,6.06 ,20.69 ,5.82 ,-26.99 ,2.80 ,10.99 ,2.86 
12/1/43,-14.85,4.48,16.54,2.33,-24.70 ,5.39 ,20.88 ,1.75 ,-35.67 ,2.16 ,11.13 ,0.92 
1/1/44,-16.89,4.02,12.32,1.93,-25.15 ,5.16 ,10.35 ,1.66 ,-36.12 ,2.23 ,7.06 ,0.77 
2/1/44,-14.4,3.29,11.08,5.58,-21.71 ,4.68 ,11.06 ,3.28 ,-31.11 ,1.15 ,8.03 ,1.69 
3/1/44,-6.24,3,21.27,19.59,-14.50 ,4.47 ,15.33 ,15.47 ,-19.63 ,0.76 ,6.41 ,10.89 
4/1/44,2.95,3.04,19.77,63.03,-3.51 ,4.29 ,15.60 ,43.52 ,-8.75 ,0.94 ,13.08 ,31.99 
5/1/44,9.21,23.65,41.41,100.46,2.80 ,38.10 ,35.84 ,69.19 ,2.31 ,4.63 ,31.01 ,65.45 
6/1/44,15.65,34.73,55.51,119.34,11.44 ,77.29 ,47.20 ,98.20 ,10.47 ,102.28 ,55.01 ,92.73 
7/1/44,17.02,30.83,77.32,117.28,14.97 ,33.58 ,76.99 ,95.74 ,14.66 ,45.59 ,90.22 ,90.96 
8/1/44,14.97,20.33,50.09,94.55,12.43 ,28.09 ,64.24 ,71.15 ,11.88 ,37.51 ,60.22 ,70.06 
9/1/44,10.14,13.22,48.16,56.27,6.65 ,25.32 ,49.97 ,38.46 ,5.80 ,28.33 ,38.91 ,36.30 
10/1/44,2.03,12.11,23.89,26.91,-4.39 ,22.85 ,30.37 ,14.19 ,-9.56 ,15.24 ,21.43 ,9.71 
11/1/44,-12.88,6.24,17.02,3.31,-21.51 ,6.94 ,21.11 ,4.11 ,-27.66 ,3.77 ,8.35 ,2.72 
12/1/44,-18.24,4.34,12.91,2.12,-26.03 ,5.54 ,18.12 ,2.90 ,-34.50 ,3.04 ,10.79 ,1.48 
1/1/45,-21.68,3.91,7.58,1.8,-28.65 ,5.87 ,11.95 ,2.42 ,-38.83 ,2.80 ,6.70 ,1.01 
2/1/45,-23.21,3.31,6.07,3.53,-27.85 ,4.80 ,7.09 ,4.16 ,-33.40 ,1.79 ,4.90 ,2.06 
3/1/45,-13.16,3.54,13.72,12.12,-18.90 ,4.95 ,10.26 ,13.54 ,-22.55 ,1.19 ,6.01 ,9.21 
4/1/45,2.64,3.53,25.33,57.41,-2.36 ,4.02 ,19.96 ,44.27 ,-6.21 ,0.85 ,12.47 ,34.16 
5/1/45,9.89,15.03,45.04,99.68,6.23 ,62.69 ,37.57 ,84.15 ,3.54 ,3.35 ,20.18 ,72.48 
6/1/45,15.78,34.87,51.15,123.35,12.42 ,48.95 ,56.24 ,93.88 ,11.43 ,70.88 ,44.57 ,94.72 
7/1/45,16.59,25.61,72.63,113.14,14.84 ,21.70 ,75.25 ,96.48 ,15.04 ,33.90 ,78.17 ,96.94 
8/1/45,16.82,14.97,31.04,105.36,12.13 ,16.31 ,61.23 ,72.92 ,11.76 ,32.11 ,53.05 ,72.34 
9/1/45,10.21,11.36,49.28,54.86,7.22 ,14.05 ,44.64 ,42.37 ,4.71 ,26.10 ,23.22 ,40.43 
10/1/45,2.24,10.77,30.82,28.63,-1.82 ,16.43 ,26.75 ,17.29 ,-6.30 ,11.13 ,23.24 ,13.58 
11/1/45,-10.99,5.53,23.04,7.13,-16.89 ,7.98 ,18.98 ,5.27 ,-23.12 ,2.57 ,15.28 ,2.28 
12/1/45,-19.98,5.43,17.23,2.07,-27.82 ,5.76 ,17.68 ,2.36 ,-38.44 ,2.30 ,8.31 ,1.40 
1/1/46,-16.82,5.18,17.68,2.33,-26.70 ,5.07 ,15.24 ,1.58 ,-38.44 ,1.69 ,8.41 ,0.72 
2/1/46,-13.13,3.23,15.19,4.77,-22.68 ,4.27 ,15.17 ,3.22 ,-34.79 ,1.39 ,8.54 ,2.02 
3/1/46,-12.54,2.76,11.87,13.36,-19.02 ,4.48 ,10.99 ,11.37 ,-24.84 ,1.28 ,5.79 ,8.45 
4/1/46,1.54,3.05,26.8,50.69,-3.99 ,4.33 ,16.76 ,42.17 ,-7.73 ,1.07 ,12.59 ,31.94 
5/1/46,7.55,15.52,32.44,95.06,2.85 ,24.59 ,22.89 ,74.45 ,0.55 ,1.23 ,23.21 ,61.13 
6/1/46,13,39.7,70.16,104.21,10.55 ,89.11 ,55.54 ,88.53 ,10.34 ,66.33 ,61.88 ,85.59 
7/1/46,17.89,36.8,67.14,114.84,16.24 ,38.10 ,74.58 ,100.81 ,15.70 ,52.80 ,58.87 ,102.49 
8/1/46,15.05,34.48,72.59,84.74,12.65 ,22.18 ,67.47 ,71.59 ,11.16 ,33.48 ,66.67 ,67.48 
9/1/46,7.98,21.51,54.72,47.32,2.66 ,18.77 ,33.69 ,38.04 ,1.35 ,25.91 ,42.81 ,32.54 
10/1/46,0.33,14.74,37.7,25.01,-3.44 ,15.09 ,26.45 ,18.94 ,-8.05 ,15.05 ,19.88 ,12.74 
11/1/46,-9.28,9.8,23.9,5.76,-16.96 ,6.21 ,20.96 ,4.65 ,-26.11 ,2.86 ,18.67 ,2.13 
12/1/46,-21.3,6.73,13.98,1.22,-31.77 ,4.61 ,12.42 ,2.56 ,-37.88 ,2.48 ,9.57 ,1.29 
1/1/47,-22.45,4.74,10.94,1.87,-32.78 ,5.31 ,10.50 ,2.14 ,-40.66 ,2.79 ,8.95 ,0.71 
2/1/47,-21.13,3.53,12.27,3.37,-28.45 ,4.42 ,8.65 ,3.95 ,-32.47 ,1.86 ,6.55 ,2.23 
3/1/47,-9.33,3.78,19.69,16.59,-17.68 ,4.14 ,11.30 ,13.41 ,-22.05 ,1.55 ,3.29 ,9.99 
4/1/47,3.19,4.64,24.9,56.49,-3.08 ,4.80 ,18.49 ,40.37 ,-6.80 ,1.28 ,12.71 ,33.13 
5/1/47,8.43,27.09,44.93,93.82,5.08 ,63.26 ,33.72 ,83.55 ,2.99 ,8.12 ,20.95 ,74.00 
6/1/47,13.94,38.12,58.29,110.47,12.10 ,64.96 ,64.00 ,95.91 ,11.80 ,77.58 ,38.37 ,100.21 
7/1/47,15.61,38.02,86.64,104.1,14.92 ,28.06 ,81.86 ,95.33 ,15.65 ,32.32 ,32.13 ,106.65 
8/1/47,15.01,37.2,67.82,84.43,11.46 ,18.09 ,68.67 ,71.77 ,10.55 ,14.99 ,56.58 ,67.33 
9/1/47,9.23,27.13,32.11,57.51,5.15 ,20.80 ,50.89 ,39.99 ,4.44 ,22.41 ,41.44 ,35.01 
10/1/47,2.81,14.87,24.05,30.5,-1.54 ,17.10 ,20.07 ,18.96 ,-4.41 ,22.00 ,15.34 ,15.19 
11/1/47,-8.57,8.46,31.76,6.26,-22.21 ,7.36 ,16.77 ,4.84 ,-27.44 ,5.28 ,9.32 ,1.79 
12/1/47,-20.06,5.7,13.67,1.22,-29.38 ,5.26 ,12.17 ,2.04 ,-37.25 ,2.68 ,7.36 ,1.41 
1/1/48,-16.13,5.51,19.64,1.39,-25.20 ,4.65 ,18.40 ,1.38 ,-34.95 ,2.32 ,13.00 ,0.26 
2/1/48,-18,4.27,12.02,4.72,-24.29 ,3.90 ,14.77 ,3.86 ,-31.04 ,1.54 ,9.60 ,2.01 
3/1/48,-9.79,3.77,16.13,16.89,-13.58 ,3.71 ,11.30 ,18.37 ,-18.76 ,1.34 ,7.12 ,12.62 
4/1/48,1,3.34,21.06,49.97,-2.72 ,3.54 ,22.13 ,43.57 ,-6.39 ,1.15 ,18.32 ,33.33 
5/1/48,9.41,19.77,38.33,98.18,2.56 ,19.08 ,33.43 ,69.08 ,2.17 ,3.41 ,27.97 ,67.04 
6/1/48,15.08,34.6,56.96,113.03,10.75 ,92.69 ,57.21 ,92.78 ,11.08 ,85.51 ,47.78 ,92.77 
7/1/48,18.53,39.08,76.85,120.88,16.68 ,40.57 ,97.62 ,98.48 ,16.03 ,35.48 ,65.07 ,107.64 
8/1/48,14.75,42.25,48.23,94.58,12.11 ,22.86 ,84.94 ,67.56 ,12.49 ,29.80 ,71.95 ,70.66 
9/1/48,10.07,27.31,43.06,57.5,6.23 ,20.54 ,37.41 ,40.41 ,4.26 ,27.26 ,27.69 ,35.87 
10/1/48,2.62,14.4,32.59,28.44,-3.89 ,17.12 ,31.69 ,14.66 ,-6.41 ,17.91 ,26.94 ,11.37 
11/1/48,-8.47,8.14,18.5,7.85,-16.29 ,7.28 ,18.22 ,5.18 ,-22.05 ,4.29 ,14.91 ,2.69 
12/1/48,-18.41,5.32,18.32,1.34,-24.91 ,4.65 ,14.95 ,1.92 ,-33.82 ,3.24 ,10.32 ,0.65 
1/1/49,-13.06,5.23,17.42,3.07,-22.33 ,5.45 ,17.73 ,2.07 ,-32.92 ,3.64 ,9.22 ,0.68 
2/1/49,-16.28,3.97,13.09,5.03,-21.82 ,4.79 ,11.40 ,4.41 ,-31.21 ,2.46 ,5.69 ,2.62 
3/1/49,-12.12,3.33,6.47,18.26,-16.77 ,4.73 ,7.41 ,15.90 ,-22.57 ,2.25 ,4.18 ,10.18 
4/1/49,2.42,3.32,20.32,52.33,-3.17 ,4.32 ,15.45 ,44.70 ,-7.89 ,1.71 ,10.35 ,32.98 
5/1/49,8.35,19.58,48.09,93.02,3.58 ,45.48 ,44.03 ,69.93 ,3.13 ,4.67 ,30.89 ,66.71 
6/1/49,14.51,35.88,52.91,111.25,9.80 ,79.68 ,52.36 ,85.34 ,11.28 ,97.41 ,54.67 ,90.20 
7/1/49,16.03,36.33,65.43,114.15,14.69 ,33.19 ,81.68 ,97.48 ,15.07 ,43.63 ,67.43 ,100.90 
8/1/49,17.13,35.81,44.22,101.49,12.63 ,22.22 ,86.95 ,67.20 ,11.74 ,28.10 ,71.96 ,65.75 
9/1/49,6.95,16.85,52.69,48,5.22 ,18.45 ,48.87 ,38.56 ,5.36 ,37.01 ,34.18 ,37.77 
10/1/49,1.44,10.83,26.46,27.12,-2.11 ,17.05 ,25.72 ,19.00 ,-5.66 ,23.94 ,18.45 ,13.48 
11/1/49,-11.59,6.53,21.07,4.32,-20.42 ,7.54 ,22.39 ,4.52 ,-28.68 ,5.52 ,9.70 ,2.26 
12/1/49,-22.36,5.76,15.07,2.35,-30.36 ,5.60 ,14.07 ,2.65 ,-36.93 ,3.48 ,11.24 ,1.49 
1/1/50,-23.58,4.91,15.59,2.44,-30.68 ,4.99 ,13.76 ,2.50 ,-37.84 ,3.16 ,8.29 ,1.03 
2/1/50,-18.21,3.46,9.8,2.38,-24.61 ,4.13 ,12.87 ,3.24 ,-31.97 ,2.13 ,8.08 ,2.07 
3/1/50,-9.29,3.39,10.19,18.3,-16.05 ,4.28 ,10.00 ,16.41 ,-22.31 ,1.60 ,6.35 ,10.28 
4/1/50,0.42,3.72,23.67,47.42,-6.64 ,3.45 ,19.39 ,35.24 ,-9.72 ,1.27 ,16.48 ,28.04 
5/1/50,9.02,18.83,41.96,96.56,4.06 ,24.40 ,30.54 ,76.51 ,2.14 ,2.95 ,23.04 ,69.73 
6/1/50,15.49,31.32,60.94,118.02,12.77 ,96.44 ,52.36 ,103.67 ,10.88 ,78.90 ,39.51 ,97.01 
7/1/50,17.86,30.87,74.11,119.66,15.27 ,27.84 ,65.54 ,102.86 ,14.04 ,34.03 ,61.91 ,99.00 
8/1/50,15.55,34.46,72.88,88.56,13.25 ,15.34 ,61.26 ,74.27 ,10.81 ,28.00 ,53.43 ,70.59 
9/1/50,10.71,26,63.19,56.38,5.76 ,16.51 ,43.05 ,40.48 ,2.62 ,23.13 ,41.00 ,35.21 
10/1/50,0.91,22.07,22.5,26.83,-4.52 ,15.38 ,32.04 ,14.63 ,-9.19 ,11.76 ,31.34 ,9.90 
11/1/50,-14.36,11.12,17.95,5.27,-21.17 ,6.47 ,22.63 ,5.48 ,-29.02 ,2.48 ,17.38 ,2.67 
12/1/50,-15.11,7.6,16.05,2.9,-24.47 ,5.44 ,23.14 ,1.54 ,-37.64 ,2.69 ,11.19 ,0.96 
1/1/51,-20.89,6.11,11.91,3.13,-30.55 ,4.83 ,10.79 ,2.14 ,-39.05 ,2.43 ,6.79 ,0.78 
2/1/51,-25.02,4.9,8.55,2.71,-30.17 ,3.74 ,9.08 ,3.93 ,-36.27 ,1.55 ,4.41 ,2.31 
3/1/51,-9.78,3.87,15.06,17.89,-17.14 ,3.96 ,19.53 ,12.54 ,-23.00 ,1.20 ,8.78 ,9.01 
4/1/51,4.95,5.89,13.99,75.94,-5.61 ,3.83 ,17.34 ,37.05 ,-10.62 ,0.95 ,10.76 ,28.15 
5/1/51,9.79,27.38,36.03,108.16,4.13 ,43.31 ,34.84 ,75.66 ,2.25 ,2.43 ,32.32 ,65.56 
6/1/51,15.44,31.98,47.24,128.74,10.89 ,87.95 ,54.94 ,92.20 ,9.79 ,88.57 ,60.37 ,87.48 
7/1/51,19.35,28.86,55.12,135.98,14.35 ,31.80 ,68.99 ,98.96 ,13.62 ,48.47 ,82.36 ,90.02 
8/1/51,14.86,14.11,42.08,99.5,10.31 ,18.73 ,82.58 ,65.33 ,11.47 ,38.08 ,71.29 ,62.58 
9/1/51,11.35,9.86,33.99,69.64,6.18 ,19.55 ,38.88 ,43.66 ,4.97 ,31.82 ,29.53 ,39.44 
10/1/51,0.86,10.28,25.76,24.63,-3.15 ,14.98 ,26.43 ,16.74 ,-6.50 ,20.04 ,18.25 ,13.46 
11/1/51,-10.1,4.08,18.4,6.7,-16.20 ,7.89 ,20.57 ,4.76 ,-23.09 ,3.01 ,17.05 ,2.14 
12/1/51,-10.91,3.75,23.11,2.48,-20.54 ,5.76 ,22.51 ,1.22 ,-29.46 ,2.50 ,15.13 ,0.41 
1/1/52,-16.58,3.87,14.57,2.94,-26.08 ,5.62 ,18.62 ,2.44 ,-39.72 ,2.87 ,9.07 ,0.84 
2/1/52,-18.41,3.5,4.53,5.18,-26.47 ,4.63 ,10.76 ,4.34 ,-35.91 ,2.29 ,7.30 ,2.05 
3/1/52,-13.71,3.7,11.87,15.49,-19.10 ,4.28 ,10.40 ,15.11 ,-22.20 ,1.77 ,11.41 ,9.94 
4/1/52,-2.1,3.18,30.9,39.08,-7.44 ,3.55 ,13.08 ,36.63 ,-9.72 ,1.36 ,8.27 ,30.58 
5/1/52,9.55,8.29,23.3,107.47,3.12 ,23.08 ,31.24 ,72.16 ,1.10 ,5.75 ,25.17 ,63.12 
6/1/52,15.74,34.85,44.71,128.86,11.75 ,93.85 ,61.48 ,93.39 ,10.42 ,83.38 ,41.31 ,91.90 
7/1/52,19.37,29.97,55.51,134.15,14.99 ,34.55 ,82.45 ,96.32 ,15.90 ,46.86 ,66.17 ,104.29 
8/1/52,15.86,17.69,48.64,101.38,12.25 ,26.20 ,75.64 ,71.26 ,12.48 ,29.07 ,78.26 ,69.75 
9/1/52,11.29,12.5,39.44,63.31,6.26 ,20.73 ,49.32 ,41.98 ,4.22 ,28.49 ,35.72 ,35.45 
10/1/52,-0.98,10.65,37,25.01,-7.15 ,16.74 ,32.44 ,15.12 ,-11.87 ,14.39 ,28.65 ,9.37 
11/1/52,-17.34,5.48,17.65,3.91,-25.28 ,7.28 ,18.20 ,5.33 ,-32.67 ,3.75 ,10.12 ,2.55 
12/1/52,-19.14,4.94,20.42,2.74,-30.99 ,6.20 ,15.18 ,2.50 ,-38.43 ,3.70 ,10.38 ,1.05 
1/1/53,-18.8,3.62,16.95,3.24,-28.39 ,5.81 ,15.25 ,1.85 ,-37.92 ,3.19 ,8.18 ,0.85 
2/1/53,-18.27,2.86,14.27,3.42,-25.38 ,4.96 ,9.59 ,3.35 ,-32.01 ,1.95 ,7.98 ,2.16 
3/1/53,-9.42,3.47,20.44,17.66,-14.18 ,5.42 ,14.96 ,16.43 ,-19.75 ,1.42 ,9.43 ,10.70 
4/1/53,3.51,4.62,10.16,67.11,-3.00 ,4.16 ,10.53 ,45.74 ,-6.56 ,1.21 ,12.45 ,34.42 
5/1/53,10.22,20.94,42.11,103.69,3.80 ,43.00 ,32.47 ,73.86 ,3.31 ,11.28 ,22.30 ,69.99 
6/1/53,15.32,29.51,53.04,121.9,12.76 ,77.54 ,54.76 ,100.45 ,11.60 ,70.46 ,42.51 ,95.48 
7/1/53,19.52,26.67,56.96,131.7,16.76 ,22.21 ,80.97 ,103.45 ,14.65 ,28.98 ,59.54 ,103.46 
8/1/53,16.42,12.63,42.82,100.85,11.70 ,18.45 ,61.13 ,70.53 ,10.63 ,21.18 ,76.58 ,65.61 
9/1/53,10.76,9.23,40.41,67.51,6.10 ,19.79 ,45.56 ,44.38 ,3.81 ,24.16 ,47.16 ,35.21 
10/1/53,0.1,9.12,45.78,21.75,-3.91 ,14.76 ,35.21 ,13.98 ,-7.58 ,17.38 ,26.23 ,11.65 
11/1/53,-16.75,4.43,24.12,5.47,-20.84 ,6.02 ,16.80 ,5.97 ,-27.02 ,2.90 ,11.81 ,3.08 
12/1/53,-14.65,4.47,21.1,2.55,-21.85 ,6.09 ,25.22 ,2.65 ,-33.15 ,2.82 ,14.25 ,1.06 
1/1/54,-22,4.03,13.43,3.26,-28.59 ,5.90 ,15.64 ,2.58 ,-38.16 ,2.75 ,12.53 ,1.02 
2/1/54,-22.98,3.04,10.23,4.35,-28.58 ,4.21 ,12.46 ,4.13 ,-32.95 ,1.76 ,10.20 ,2.55 
3/1/54,-12.19,2.85,13.41,14.75,-17.21 ,4.75 ,13.85 ,14.54 ,-22.91 ,1.39 ,8.99 ,9.66 
4/1/54,-0.4,2.73,14.55,48.9,-6.31 ,3.31 ,12.20 ,38.40 ,-8.60 ,1.02 ,12.43 ,31.27 
5/1/54,7.06,17.86,35.54,91.89,1.69 ,15.82 ,22.53 ,69.64 ,-0.22 ,1.30 ,12.72 ,59.96 
6/1/54,15.37,27.73,59.26,119.19,12.90 ,78.86 ,43.47 ,107.19 ,12.14 ,66.01 ,42.00 ,102.50 
7/1/54,17.93,25.44,55.04,124.67,14.65 ,29.25 ,90.21 ,93.12 ,15.87 ,43.68 ,62.93 ,102.86 
8/1/54,15.73,18.34,60.53,92.89,14.17 ,24.03 ,68.61 ,77.35 ,12.59 ,20.14 ,46.66 ,74.16 
9/1/54,10.46,12.78,51.12,55.41,5.20 ,18.19 ,47.93 ,39.78 ,3.30 ,19.42 ,46.56 ,34.68 
10/1/54,2.77,11.95,30.71,32.33,-3.64 ,15.72 ,36.96 ,17.94 ,-8.51 ,10.12 ,31.80 ,11.22 
11/1/54,-10.35,6.9,33.03,4.05,-17.82 ,6.58 ,25.79 ,4.63 ,-26.91 ,2.47 ,15.13 ,2.38 
12/1/54,-20.7,6.65,13.04,2.73,-28.70 ,5.31 ,20.35 ,1.91 ,-35.33 ,2.42 ,11.68 ,1.12 
1/1/55,-16.44,5.34,13.5,4.89,-23.75 ,5.71 ,14.73 ,2.85 ,-32.85 ,2.15 ,13.29 ,0.68 
2/1/55,-19.8,3.68,19.88,4.11,-29.11 ,4.15 ,12.34 ,3.62 ,-35.91 ,1.36 ,7.76 ,1.88 
3/1/55,-13.37,3.22,13.6,14.7,-21.02 ,3.75 ,12.01 ,12.47 ,-26.91 ,1.04 ,7.19 ,8.01 
4/1/55,0.26,2.96,14.55,52.38,-6.28 ,3.48 ,14.65 ,38.14 ,-11.17 ,0.83 ,12.66 ,27.77 
5/1/55,11.31,18.44,32.66,118.57,3.46 ,27.15 ,36.89 ,73.06 ,2.74 ,2.10 ,28.31 ,67.55 
6/1/55,17.36,29.9,35.72,145.97,11.72 ,90.57 ,58.08 ,95.10 ,11.23 ,93.40 ,47.27 ,95.91 
7/1/55,17.62,25.93,62.91,125.15,15.15 ,28.25 ,59.90 ,102.61 ,13.74 ,32.38 ,55.69 ,100.87 
8/1/55,15.71,11.23,59.71,97.42,13.15 ,17.72 ,65.94 ,76.92 ,11.88 ,28.17 ,65.28 ,73.36 
9/1/55,8.32,9.2,42.08,54.68,4.05 ,15.78 ,51.44 ,37.48 ,2.91 ,23.17 ,30.87 ,33.80 
10/1/55,2.32,9.59,21.64,35.57,-3.54 ,16.05 ,35.70 ,19.02 ,-8.54 ,12.19 ,24.21 ,12.76 
11/1/55,-8.36,6.56,29.44,9.17,-15.05 ,7.42 ,29.36 ,6.27 ,-24.85 ,2.50 ,22.19 ,2.92 
12/1/55,-21.3,4.88,27.81,2.15,-27.47 ,4.77 ,22.78 ,1.80 ,-36.85 ,2.25 ,17.61 ,0.77 
1/1/56,-21.73,4.48,14.23,1.99,-29.00 ,4.39 ,20.85 ,1.95 ,-38.34 ,2.08 ,13.98 ,0.74 
2/1/56,-21.4,3.28,8.38,5.15,-26.26 ,3.94 ,8.46 ,4.53 ,-32.38 ,1.52 ,8.27 ,2.51 
3/1/56,-11.77,3.19,10.43,17.88,-17.88 ,4.11 ,11.96 ,15.24 ,-24.14 ,1.15 ,7.32 ,9.72 
4/1/56,-0.17,2.72,29.6,49.65,-7.00 ,4.09 ,17.86 ,37.60 ,-12.15 ,0.95 ,14.08 ,27.45 
5/1/56,9.92,11.42,33.59,105.51,2.84 ,19.13 ,20.92 ,72.34 ,-0.25 ,1.05 ,25.12 ,57.73 
6/1/56,14.21,32.71,55.74,115.21,11.07 ,91.82 ,52.45 ,95.51 ,11.80 ,70.88 ,44.34 ,98.16 
7/1/56,18.46,29.1,79.9,122.48,16.20 ,28.27 ,78.21 ,96.18 ,15.20 ,49.90 ,48.97 ,104.07 
8/1/56,15.97,20.9,64.64,96.67,11.93 ,20.67 ,63.61 ,70.50 ,10.47 ,24.08 ,77.53 ,65.37 
9/1/56,7.26,15.22,50.62,53.72,4.99 ,17.23 ,41.52 ,40.06 ,4.20 ,29.15 ,34.62 ,38.45 
10/1/56,1.4,15.24,39.09,28.36,-4.81 ,14.14 ,38.54 ,15.66 ,-10.48 ,13.84 ,36.55 ,9.97 
11/1/56,-9.71,8.24,25.85,9.98,-18.38 ,6.63 ,16.16 ,5.62 ,-24.48 ,4.31 ,17.97 ,2.78 
12/1/56,-16.95,7.07,26.02,2.34,-28.30 ,5.32 ,13.72 ,3.32 ,-34.46 ,3.84 ,12.46 ,1.44 
1/1/57,-20.11,5.92,19.92,2.83,-26.12 ,4.85 ,19.62 ,2.18 ,-32.96 ,3.29 ,11.31 ,0.74 
2/1/57,-18.05,4.16,14.55,2.89,-30.91 ,4.13 ,8.10 ,3.30 ,-36.37 ,2.24 ,4.62 ,2.20 
3/1/57,-13.78,3.3,19.28,15.48,-18.92 ,4.29 ,12.33 ,14.41 ,-23.73 ,1.73 ,5.85 ,9.62 
4/1/57,-1.1,2.65,27.13,44.51,-6.19 ,3.91 ,16.71 ,37.96 ,-9.09 ,1.25 ,12.65 ,31.83 
5/1/57,9.47,19.08,32.66,106.78,2.68 ,13.54 ,36.40 ,66.55 ,2.52 ,3.24 ,27.00 ,66.21 
6/1/57,16.8,37.43,51.05,131.92,12.36 ,98.20 ,45.33 ,102.77 ,10.92 ,86.55 ,48.74 ,96.38 
7/1/57,17.66,38.88,62.77,120.7,14.22 ,24.84 ,51.98 ,101.51 ,13.61 ,36.19 ,67.32 ,93.98 
8/1/57,16.07,31.08,63.41,93.4,11.97 ,14.57 ,60.08 ,71.26 ,10.91 ,34.20 ,40.85 ,72.44 
9/1/57,11.81,12.79,24.05,70.93,4.35 ,16.37 ,61.95 ,36.81 ,2.05 ,16.76 ,60.69 ,31.63 
10/1/57,0.84,10.08,46.7,26.66,-4.84 ,15.35 ,36.19 ,16.98 ,-9.95 ,14.34 ,26.03 ,12.06 
11/1/57,-11.13,5.12,35.82,4.38,-20.19 ,6.32 ,28.16 ,5.55 ,-27.10 ,5.05 ,15.77 ,2.49 
12/1/57,-13.35,4.62,34.61,3.46,-23.20 ,5.15 ,26.06 ,2.02 ,-33.68 ,3.22 ,12.54 ,1.06 
1/1/58,-18.66,4.51,16.66,2.79,-27.49 ,5.34 ,19.40 ,1.60 ,-38.63 ,2.83 ,9.89 ,0.69 
2/1/58,-14.63,3.84,23.05,5.27,-24.64 ,4.60 ,13.22 ,3.92 ,-32.35 ,2.24 ,7.50 ,2.09 
3/1/58,-13.96,3.88,14.79,14.48,-19.47 ,4.65 ,12.73 ,13.67 ,-25.54 ,1.84 ,7.18 ,8.53 
4/1/58,-1.59,3.04,21.78,46.03,-8.76 ,4.16 ,17.28 ,35.40 ,-10.69 ,1.44 ,11.88 ,29.97 
5/1/58,7.09,8.44,37.51,86.88,2.94 ,19.76 ,27.75 ,75.37 ,1.48 ,2.84 ,26.03 ,65.22 
6/1/58,14.84,35.29,39.59,120.55,10.78 ,115.61 ,40.85 ,96.91 ,8.98 ,84.68 ,48.91 ,87.50 
7/1/58,17.38,35.25,64.09,117.5,15.27 ,27.68 ,58.46 ,105.35 ,14.05 ,54.31 ,70.53 ,97.31 
8/1/58,16.11,30.48,50.23,97.68,11.94 ,18.55 ,59.56 ,74.14 ,11.65 ,40.07 ,53.05 ,73.05 
9/1/58,6.91,18.23,53.79,50.12,3.87 ,21.17 ,49.56 ,39.88 ,3.61 ,22.49 ,46.16 ,37.16 
10/1/58,1.18,13.43,38.49,26.19,-4.97 ,14.82 ,34.75 ,16.21 ,-9.93 ,17.97 ,25.24 ,10.93 
11/1/58,-7.25,10.13,30.06,7.87,-15.44 ,6.85 ,34.93 ,5.33 ,-25.56 ,3.75 ,21.59 ,3.04 
12/1/58,-18.6,6.49,30.95,1.6,-25.40 ,5.27 ,27.14 ,2.07 ,-35.19 ,3.46 ,14.06 ,1.16 
1/1/59,-17.7,5.85,17.52,2.61,-27.97 ,5.23 ,22.72 ,2.33 ,-38.89 ,3.25 ,12.89 ,0.91 
2/1/59,-17.15,4.35,13.54,5.52,-23.37 ,4.69 ,12.95 ,4.44 ,-29.79 ,2.15 ,8.00 ,2.81 
3/1/59,-8.98,4.04,12.99,19.6,-12.12 ,4.99 ,17.46 ,18.35 ,-16.82 ,1.82 ,10.09 ,12.57 
4/1/59,-0.37,3.69,31.14,44.87,-6.17 ,3.84 ,24.10 ,37.53 ,-9.41 ,1.42 ,14.26 ,30.79 
5/1/59,8.76,16.12,32.17,102.38,1.82 ,12.30 ,32.97 ,66.58 ,1.50 ,4.79 ,28.49 ,63.99 
6/1/59,15.83,37.34,52.43,122.38,12.54 ,127.28 ,51.05 ,100.87 ,12.69 ,86.07 ,30.76 ,110.46 
7/1/59,17.56,33.35,74.95,114.05,14.59 ,34.64 ,60.25 ,97.28 ,13.16 ,36.98 ,76.08 ,93.71 
8/1/59,14.72,30.08,67.88,86.05,13.01 ,18.52 ,77.62 ,68.46 ,13.11 ,35.88 ,66.96 ,67.80 
9/1/59,10.44,15.53,41.98,61.78,6.96 ,18.09 ,45.68 ,41.13 ,5.86 ,37.69 ,44.48 ,36.88 
10/1/59,-0.81,12.67,43.44,22.72,-5.05 ,15.33 ,27.60 ,15.35 ,-8.76 ,20.30 ,20.19 ,10.69 
11/1/59,-12.41,6.98,21.54,5.54,-19.52 ,5.62 ,24.04 ,5.01 ,-23.89 ,3.72 ,20.58 ,2.82 
12/1/59,-20.25,7.34,21.75,1.82,-28.29 ,5.24 ,21.50 ,2.40 ,-35.51 ,3.38 ,13.67 ,1.10 
1/1/60,-21.17,5.77,21.9,2.31,-31.80 ,5.18 ,13.40 ,2.01 ,-40.39 ,3.37 ,6.86 ,0.95 
2/1/60,-16.48,4.32,23.47,5.26,-23.23 ,4.53 ,19.03 ,4.25 ,-32.08 ,2.23 ,12.02 ,2.38 
3/1/60,-16.04,4.01,17.87,13.75,-20.05 ,4.56 ,11.56 ,13.64 ,-24.88 ,1.55 ,9.53 ,9.22 
4/1/60,0.16,4.04,20.07,48.63,-6.16 ,4.29 ,22.02 ,35.58 ,-9.97 ,1.20 ,14.32 ,29.52 
5/1/60,6.54,13.62,34.62,88.79,2.45 ,17.58 ,19.22 ,74.56 ,1.38 ,3.28 ,19.34 ,65.51 
6/1/60,15.27,36.03,59.94,114.46,11.68 ,87.73 ,57.80 ,93.02 ,11.72 ,69.41 ,44.35 ,101.87 
7/1/60,16.05,33.51,73.77,107.18,14.34 ,27.28 ,72.85 ,93.75 ,14.50 ,40.02 ,74.04 ,98.88 
8/1/60,14.06,32.08,54.66,85.95,11.33 ,22.61 ,84.40 ,66.92 ,10.89 ,30.48 ,71.33 ,66.60 
9/1/60,9.65,20.54,45.4,51.77,5.44 ,21.52 ,48.30 ,37.22 ,3.19 ,31.99 ,38.43 ,33.07 
10/1/60,-1.3,12.46,36.49,26.85,-5.86 ,16.12 ,32.31 ,17.56 ,-10.56 ,17.02 ,20.99 ,13.08 
11/1/60,-13.45,7.26,24.36,4.42,-20.51 ,5.81 ,28.02 ,4.92 ,-27.21 ,3.86 ,20.79 ,2.10 
12/1/60,-16.51,7.93,23.71,1.42,-24.97 ,5.31 ,23.15 ,1.75 ,-35.14 ,3.76 ,11.96 ,1.04 
1/1/61,-17.91,6.06,19.49,2.8,-28.16 ,5.88 ,19.72 ,2.04 ,-39.56 ,3.59 ,10.03 ,0.77 
2/1/61,-15.39,4.75,14.67,4.89,-23.07 ,5.42 ,16.31 ,4.56 ,-30.90 ,2.66 ,9.78 ,2.23 
3/1/61,-6.79,4.47,15,19.28,-12.24 ,5.51 ,12.22 ,18.52 ,-21.14 ,2.26 ,9.93 ,11.06 
4/1/61,2.57,5.36,32.1,58.64,-3.67 ,4.85 ,24.21 ,43.84 ,-10.02 ,1.78 ,15.38 ,29.81 
5/1/61,9.28,16.36,32.88,103.94,2.82 ,29.15 ,29.00 ,74.56 ,1.47 ,2.25 ,27.68 ,67.96 
6/1/61,14.37,39.35,47.91,116.91,8.92 ,85.50 ,39.02 ,86.83 ,9.73 ,85.81 ,52.45 ,87.28 
7/1/61,18.22,37.67,66.82,122.51,14.18 ,40.34 ,69.24 ,98.96 ,13.82 ,61.85 ,75.16 ,93.88 
8/1/61,15.1,22.45,60.98,90.78,11.47 ,26.77 ,71.15 ,67.85 ,11.37 ,41.62 ,77.34 ,65.79 
9/1/61,9.44,11.46,41.01,58.14,6.05 ,20.67 ,48.39 ,40.21 ,5.15 ,31.10 ,46.48 ,37.25 
10/1/61,-2.46,10.86,34.53,20.42,-8.08 ,14.46 ,25.44 ,16.23 ,-10.23 ,19.45 ,26.29 ,12.35 
11/1/61,-9.43,6.66,33.35,4.79,-18.05 ,5.73 ,27.68 ,4.84 ,-24.54 ,3.78 ,23.05 ,2.68 
12/1/61,-14.8,6.27,28.64,2.91,-28.53 ,4.90 ,20.92 ,2.40 ,-34.18 ,3.75 ,15.37 ,1.01 
1/1/62,-15.46,5.33,17.35,3.51,-23.51 ,4.68 ,19.89 ,1.64 ,-31.87 ,3.81 ,11.46 ,0.63 
2/1/62,-13.33,3.96,9.59,6.98,-20.22 ,4.31 ,17.98 ,4.22 ,-28.52 ,2.68 ,9.74 ,2.32 
3/1/62,-7.23,4.34,19.13,21.71,-15.38 ,4.74 ,13.46 ,16.57 ,-22.52 ,2.09 ,7.31 ,9.96 
4/1/62,2.51,4.87,17.05,62.81,-5.31 ,4.45 ,18.76 ,38.96 ,-8.80 ,1.61 ,18.78 ,30.54 
5/1/62,12.49,25.6,30.26,125.39,3.40 ,29.63 ,30.53 ,73.74 ,1.80 ,5.25 ,27.88 ,64.87 
6/1/62,15.55,32.26,58.33,121.91,11.36 ,90.09 ,52.82 ,91.84 ,10.12 ,90.18 ,44.39 ,91.93 
7/1/62,19.62,30.12,51.98,133,15.74 ,35.01 ,71.89 ,101.43 ,14.97 ,57.50 ,53.92 ,103.63 
8/1/62,15.18,17.7,55.91,97.22,12.79 ,17.55 ,64.84 ,72.88 ,11.70 ,30.05 ,46.47 ,75.13 
9/1/62,10.25,12.68,38.21,61.89,5.80 ,16.52 ,39.80 ,41.11 ,3.32 ,17.29 ,36.65 ,34.98 
10/1/62,0.11,11.18,38.47,25.51,-5.80 ,12.14 ,31.79 ,18.30 ,-9.25 ,,16.00 ,13.73 
11/1/62,-10.51,7.48,23.22,4.99,-21.04 ,4.94 ,29.24 ,4.63 ,-28.45 ,,11.41 ,2.86 
12/1/62,-15.22,6.25,27.9,2.57,-23.18 ,4.79 ,28.96 ,2.37 ,-33.76 ,2.76 ,16.44 ,0.95 
1/1/63,-18.07,5.29,17.77,5.12,-25.75 ,,17.34 ,3.18 ,-33.12 ,2.64 ,10.66 ,0.81 
2/1/63,-13.16,4,16.77,7.13,-19.25 ,,17.96 ,5.58 ,-27.53 ,1.83 ,11.14 ,2.84 
3/1/63,-10.41,3.89,20.08,19.84,-14.41 ,,12.92 ,18.41 ,-19.75 ,1.74 ,5.88 ,12.47 
4/1/63,-1.2,3.58,10.12,52.59,-7.94 ,,15.97 ,34.53 ,-11.36 ,1.50 ,14.41 ,27.69 
5/1/63,8.4,17.07,29.14,105.58,2.16 ,11.00 ,25.84 ,71.96 ,-0.05 ,1.56 ,27.44 ,61.89 
6/1/63,15.67,35.48,35.08,132.22,10.11 ,104.88 ,60.74 ,89.30 ,9.61 ,77.81 ,50.42 ,88.99 
7/1/63,18.49,30.9,43.46,132.89,15.20 ,36.04 ,74.17 ,98.46 ,14.97 ,58.10 ,48.73 ,110.43 
8/1/63,14.92,14.23,65.62,89.69,13.24 ,22.54 ,65.57 ,70.76 ,12.25 ,20.24 ,50.24 ,70.93 
9/1/63,8.68,10.38,33.42,56.9,4.70 ,23.74 ,47.38 ,38.16 ,4.08 ,16.69 ,37.27 ,36.95 
10/1/63,2.23,9.77,35.8,26.61,-3.37 ,20.29 ,29.04 ,15.37 ,-7.68 ,11.15 ,32.04 ,12.19 
11/1/63,-6.53,4.45,43.77,6.92,-16.21 ,,25.29 ,5.01 ,-23.88 ,4.40 ,21.08 ,2.15 
12/1/63,-15.67,5.08,29.29,3.13,-23.82 ,,23.70 ,2.35 ,-32.10 ,3.09 ,13.26 ,1.22 
1/1/64,-17.33,4.85,23.4,3.41,-24.05 ,,16.50 ,1.57 ,-32.93 ,2.98 ,10.44 ,0.79 
2/1/64,-21.95,4.07,5.21,5.62,-27.45 ,,7.15 ,4.17 ,-31.52 ,2.31 ,6.07 ,3.07 
3/1/64,-13.28,3.6,14.16,16.15,-18.87 ,,14.60 ,15.67 ,-22.56 ,1.85 ,10.12 ,10.89 
4/1/64,-3.23,3.35,23.63,39.29,-8.70 ,,13.86 ,35.74 ,-11.55 ,1.44 ,11.16 ,29.86 
5/1/64,9.07,9.88,29.47,100.13,2.96 ,,28.02 ,73.48 ,1.50 ,2.45 ,31.83 ,68.13 
6/1/64,15.09,35.93,56.57,119.26,10.79 ,81.34 ,61.03 ,90.86 ,10.52 ,87.43 ,46.45 ,95.20 
7/1/64,18.8,31.88,56.36,125.78,15.80 ,27.95 ,62.38 ,102.40 ,14.60 ,46.63 ,52.07 ,106.20 
8/1/64,15.61,19.78,54.6,92.68,13.32 ,17.46 ,59.32 ,77.76 ,11.40 ,27.06 ,49.41 ,74.23 
9/1/64,9.77,10.32,41.5,59.33,5.99 ,15.42 ,36.02 ,44.11 ,2.67 ,15.62 ,37.18 ,36.88 
10/1/64,-1.06,9.04,27.02,24.62,-6.87 ,12.77 ,25.48 ,15.63 ,-10.63 ,9.94 ,24.32 ,10.94 
11/1/64,-8.5,3.67,36.28,6.97,-17.29 ,,26.45 ,5.39 ,-26.69 ,2.77 ,14.64 ,2.51 
12/1/64,-13.73,4.57,29.72,2.55,-25.53 ,,22.18 ,2.65 ,-37.27 ,2.77 ,11.54 ,1.31 
1/1/65,-18.28,3.84,18.59,2.03,-27.40 ,,19.44 ,2.13 ,-38.18 ,2.62 ,10.15 ,1.10 
2/1/65,-18.2,3.25,12.88,6.33,-27.50 ,,9.36 ,4.46 ,-35.69 ,1.62 ,5.47 ,2.53 
3/1/65,-7.3,3.17,12.72,22.34,-14.45 ,,14.32 ,18.17 ,-22.02 ,1.27 ,8.53 ,10.68 
4/1/65,0.11,3.11,15.13,54.35,-6.23 ,,12.86 ,40.65 ,-8.83 ,0.77 ,10.50 ,33.57 
5/1/65,10.54,14.82,35.23,111.39,3.68 ,,34.18 ,77.04 ,1.41 ,2.48 ,24.47 ,65.87 
6/1/65,16.25,35.41,42.48,131.78,10.74 ,81.79 ,42.43 ,94.59 ,9.58 ,67.14 ,58.12 ,90.72 
7/1/65,19.55,33.65,54.1,136.37,15.26 ,30.04 ,64.94 ,102.44 ,14.11 ,50.17 ,68.97 ,98.99 
8/1/65,14.75,21.22,70.35,89.08,12.78 ,16.28 ,72.80 ,70.66 ,11.28 ,31.26 ,54.90 ,69.96 
9/1/65,9.76,12.16,46.7,59.17,4.89 ,19.45 ,53.36 ,39.22 ,4.33 ,28.58 ,44.30 ,34.60 
10/1/65,0.74,14.69,38.44,24.89,-3.20 ,19.68 ,35.27 ,17.70 ,-7.61 ,15.16 ,29.46 ,12.17 
11/1/65,-12.37,9.55,31.73,7.07,-21.83 ,,20.56 ,6.52 ,-29.53 ,4.29 ,13.27 ,3.09 
12/1/65,-16.85,7.57,23.83,2.66,-27.69 ,,25.07 ,3.13 ,-39.61 ,3.29 ,13.64 ,1.16 
1/1/66,-20.11,6.01,28.79,3.37,-30.13 ,5.22 ,21.92 ,2.63 ,-38.79 ,2.45 ,14.09 ,0.97 
2/1/66,-21.05,3.9,34.83,4.73,-29.20 ,4.46 ,17.51 ,4.67 ,-38.53 ,1.57 ,11.91 ,2.02 
3/1/66,-10.69,3.78,25.3,15.47,-19.31 ,4.64 ,14.46 ,13.71 ,-24.87 ,1.21 ,16.32 ,8.21 
4/1/66,-0.69,3.41,26.25,47.75,-9.68 ,4.39 ,15.94 ,35.50 ,-11.97 ,0.99 ,15.04 ,26.98 
5/1/66,8.05,12.19,45.89,91.7,3.00 ,6.78 ,38.89 ,72.42 ,2.82 ,4.55 ,28.01 ,71.31 
6/1/66,14.66,36.46,65.08,115.77,11.03 ,84.74 ,57.36 ,96.54 ,11.36 ,99.30 ,53.37 ,97.32 
7/1/66,18.44,35.08,48.93,127.46,13.83 ,38.54 ,81.51 ,97.61 ,13.00 ,54.14 ,68.36 ,94.79 
8/1/66,15.99,34.65,52.44,100.2,12.22 ,20.56 ,69.43 ,72.44 ,11.61 ,31.11 ,68.80 ,70.00 
9/1/66,12.07,21.01,30.5,73.64,7.22 ,19.77 ,41.13 ,47.28 ,3.68 ,27.13 ,45.98 ,38.41 
10/1/66,-1.18,10.11,46.7,24.17,-5.54 ,14.39 ,44.60 ,16.24 ,-8.62 ,13.94 ,36.82 ,12.33 
11/1/66,-10.51,6.19,37.67,7.33,-20.73 ,5.22 ,33.47 ,6.42 ,-28.90 ,4.79 ,22.50 ,3.41 
12/1/66,-24.11,5.67,12.7,2.48,-29.28 ,4.82 ,22.72 ,2.96 ,-35.17 ,3.23 ,18.07 ,1.47 
1/1/67,-20.4,4.42,14.24,4.23,-26.05 ,5.08 ,19.58 ,3.07 ,-34.91 ,2.87 ,14.30 ,0.90 
2/1/67,-18.6,3.29,10.88,6.1,-25.26 ,5.06 ,13.70 ,4.22 ,-32.80 ,1.82 ,9.28 ,2.23 
3/1/67,-7.16,3.38,12.03,20.68,-13.19 ,5.08 ,16.29 ,16.59 ,-21.80 ,1.39 ,10.79 ,9.76 
4/1/67,4.6,4.27,13.43,70.25,-4.00 ,3.48 ,18.16 ,43.04 ,-8.35 ,1.25 ,12.79 ,32.95 
5/1/67,10.14,22.94,34.14,110.66,3.93 ,44.09 ,41.27 ,78.61 ,3.26 ,18.59 ,47.84 ,70.82 
6/1/67,15.2,22.95,52.4,127.06,11.66 ,62.88 ,64.02 ,96.82 ,12.08 ,103.02 ,46.82 ,102.01 
7/1/67,19.06,15,81.03,123.86,16.57 ,23.84 ,69.78 ,104.36 ,15.45 ,28.74 ,49.70 ,108.08 
8/1/67,14.62,10.24,55.22,89.05,10.82 ,14.33 ,68.60 ,67.49 ,10.52 ,28.42 ,67.16 ,66.26 
9/1/67,7.68,8.61,35.11,56.22,4.42 ,15.41 ,37.52 ,41.11 ,2.99 ,23.20 ,39.71 ,37.79 
10/1/67,3.77,7.93,31.23,29.51,-1.19 ,13.77 ,32.91 ,19.32 ,-5.43 ,19.19 ,22.12 ,14.71 
11/1/67,-8.26,3.86,17.03,7.28,-18.86 ,8.02 ,25.65 ,5.21 ,-25.33 ,4.88 ,21.01 ,3.29 
12/1/67,-14.11,3.72,17.02,4.48,-22.93 ,5.43 ,19.34 ,2.45 ,-33.13 ,2.73 ,16.05 ,1.18 
1/1/68,-20.4,4.39,19.93,3.02,-29.26 ,5.43 ,13.24 ,2.29 ,-37.53 ,2.63 ,10.04 ,1.14 
2/1/68,-16.8,3.68,13.66,6.03,-25.59 ,5.46 ,12.28 ,4.24 ,-30.16 ,2.08 ,8.29 ,2.86 
3/1/68,-5.79,3.66,25.1,21.51,-10.37 ,6.63 ,18.03 ,19.40 ,-15.95 ,1.84 ,11.09 ,14.09 
4/1/68,0.34,3.61,29.92,55.33,-3.67 ,6.84 ,30.80 ,43.15 ,-4.67 ,1.31 ,20.90 ,37.93 
5/1/68,10.19,17.55,30.16,114.09,3.49 ,22.58 ,31.46 ,75.42 ,3.28 ,31.77 ,34.23 ,71.11 
6/1/68,13.68,30.23,50.46,118.9,9.83 ,70.38 ,57.56 ,91.33 ,10.59 ,74.95 ,53.04 ,95.60 
7/1/68,17.53,22.92,78.46,119.5,16.20 ,42.09 ,75.49 ,104.47 ,15.48 ,41.55 ,49.03 ,111.25 
8/1/68,15.15,14.28,31.61,100.28,11.31 ,17.37 ,60.67 ,70.91 ,11.10 ,24.10 ,51.07 ,71.98 
9/1/68,6.45,11.62,48.95,52.25,2.60 ,15.11 ,45.13 ,37.22 ,3.02 ,20.38 ,45.89 ,35.26 
10/1/68,-0.66,8.8,28.8,28.28,-5.05 ,12.47 ,22.80 ,17.61 ,-8.70 ,14.06 ,20.41 ,14.50 
11/1/68,-14.88,3.58,38.69,6.28,-23.25 ,,23.03 ,6.26 ,-29.17 ,3.76 ,19.66 ,2.43 
12/1/68,-23.28,4.13,26.22,2.21,-31.65 ,,18.52 ,2.90 ,-37.77 ,3.16 ,13.91 ,1.24 
1/1/69,-28.23,3.37,9.34,4.61,-35.77 ,,11.46 ,2.23 ,-40.30 ,2.71 ,11.31 ,0.90 
2/1/69,-25.64,2.57,14.42,4.06,-34.78 ,,8.26 ,3.28 ,-40.62 ,1.57 ,5.85 ,1.86 
3/1/69,-13.26,2.78,17.94,17.25,-18.22 ,,13.18 ,15.88 ,-24.33 ,1.32 ,6.68 ,9.87 
4/1/69,-0.2,2.92,28.15,48.27,-6.96 ,,20.86 ,37.86 ,-10.66 ,1.01 ,18.14 ,29.91 
5/1/69,5.77,5.79,51.7,80.42,2.00 ,,31.26 ,70.76 ,1.35 ,1.37 ,18.25 ,67.81 
6/1/69,14.48,32.57,56.58,120.78,11.31 ,105.86 ,44.51 ,99.74 ,10.14 ,80.88 ,49.74 ,92.21 
7/1/69,19.86,39.58,69.65,127.92,17.00 ,24.02 ,54.34 ,112.19 ,15.17 ,45.11 ,54.99 ,107.50 
8/1/69,13.09,36.9,69.58,81.55,11.90 ,18.44 ,85.56 ,68.78 ,13.12 ,24.67 ,36.73 ,75.45 
9/1/69,8.59,24.59,36.99,54.54,3.76 ,16.54 ,50.10 ,36.36 ,1.98 ,17.91 ,51.20 ,31.95 
10/1/69,-0.83,11.11,53.27,18.85,-5.82 ,10.80 ,26.18 ,15.10 ,-9.32 ,10.86 ,22.19 ,11.35 
11/1/69,-6.49,5.66,32.21,9.14,-15.19 ,,30.40 ,5.56 ,-26.04 ,3.10 ,23.56 ,2.56 
12/1/69,-17.8,7.82,14.14,2.43,-25.38 ,,19.74 ,2.18 ,-35.43 ,2.17 ,15.11 ,1.10 
1/1/70,-20.16,5.93,24.43,3.68,-28.13 ,,19.56 ,2.68 ,-37.05 ,2.04 ,9.75 ,1.25 
2/1/70,-15.97,4.28,17.17,6.45,-25.60 ,,15.24 ,4.57 ,-33.54 ,1.43 ,9.80 ,2.91 
3/1/70,-10.44,3.82,13.74,16.64,-19.22 ,,4.97 ,14.19 ,-23.39 ,1.28 ,7.52 ,9.23 
4/1/70,1.27,4.41,37.87,55.6,-5.23 ,,25.96 ,40.89 ,-8.90 ,1.08 ,21.10 ,30.22 
5/1/70,7.53,10.58,38.99,93.98,1.85 ,,35.72 ,72.67 ,0.89 ,2.44 ,39.38 ,64.61 
6/1/70,13.86,37.7,57.97,115.37,10.68 ,76.02 ,57.55 ,93.56 ,10.54 ,83.91 ,56.70 ,92.79 
7/1/70,17.12,40.39,60.34,115.93,15.87 ,38.73 ,69.64 ,103.34 ,16.81 ,51.36 ,42.00 ,113.11 
8/1/70,14.12,36.67,73.9,86.6,11.06 ,19.89 ,74.55 ,68.25 ,10.16 ,20.20 ,68.21 ,67.53 
9/1/70,10.79,18.92,26.46,64.17,4.91 ,17.74 ,49.37 ,39.66 ,4.30 ,23.38 ,38.52 ,35.84 
10/1/70,-0.26,10.81,38.44,23.43,-6.69 ,12.54 ,27.25 ,16.49 ,-11.17 ,15.81 ,29.42 ,11.32 
11/1/70,-10.6,6.56,37.42,7,-17.45 ,,23.79 ,4.76 ,-25.52 ,2.03 ,15.47 ,2.30 
12/1/70,-18.11,6.24,22.24,3.56,-25.36 ,,18.77 ,2.71 ,-34.33 ,3.39 ,14.44 ,1.48 
1/1/71,-15.87,5.54,32.41,4.54,-24.81 ,,23.61 ,3.43 ,-35.38 ,2.45 ,12.13 ,1.14 
2/1/71,-22.35,3.8,10.99,4.39,-30.77 ,,6.83 ,4.21 ,-35.25 ,1.60 ,6.58 ,2.41 
3/1/71,-12.08,3.5,20.43,14.44,-18.69 ,,14.75 ,13.07 ,-23.03 ,1.50 ,10.60 ,9.46 
4/1/71,0.24,3.38,27.07,51.1,-5.75 ,,18.93 ,42.42 ,-9.25 ,1.13 ,15.81 ,31.50 
5/1/71,7.82,13.79,51.84,92.01,3.88 ,,34.97 ,77.36 ,3.40 ,5.65 ,28.91 ,72.58 
6/1/71,14.67,42.4,62.43,118.35,11.93 ,87.30 ,55.91 ,98.89 ,11.81 ,82.62 ,44.54 ,102.35 
7/1/71,17.58,46.94,61.29,121.79,14.30 ,24.88 ,95.17 ,97.03 ,15.37 ,31.30 ,67.25 ,104.08 
8/1/71,14.65,41.7,70.34,87.62,13.05 ,15.52 ,64.33 ,74.89 ,11.81 ,27.45 ,66.24 ,72.14 
9/1/71,10.62,22.2,29.41,66.82,5.43 ,16.56 ,55.17 ,39.81 ,5.00 ,34.29 ,42.05 ,38.11 
10/1/71,1.47,11,38.65,31.49,-3.14 ,14.91 ,34.55 ,20.05 ,-6.59 ,17.89 ,26.76 ,14.71 
11/1/71,-4.71,7.19,29.39,8.96,-12.38 ,8.30 ,28.10 ,5.03 ,-21.52 ,3.74 ,18.10 ,2.27 
12/1/71,-14.44,6.34,28.09,2.34,-25.29 ,6.85 ,18.22 ,2.54 ,-33.45 ,3.65 ,13.78 ,1.37 
1/1/72,-25.32,5.19,21.17,2.53,-29.75 ,,14.65 ,2.61 ,-38.99 ,3.12 ,9.91 ,1.28 
2/1/72,-18.08,4.2,21.05,5.39,-25.22 ,,14.08 ,4.23 ,-32.75 ,2.47 ,7.33 ,2.65 
3/1/72,-11.91,3.87,17.79,13.88,-16.47 ,,11.39 ,16.74 ,-21.27 ,1.86 ,7.30 ,11.42 
4/1/72,2.72,3.48,26.16,57.64,-4.12 ,,18.34 ,45.85 ,-7.54 ,1.40 ,19.92 ,32.21 
5/1/72,7.37,12.13,34.29,97.05,1.94 ,,33.64 ,72.01 ,1.38 ,2.59 ,25.46 ,65.95 
6/1/72,14.85,36,71.46,111.66,12.00 ,83.69 ,30.49 ,104.45 ,9.44 ,67.73 ,32.56 ,98.30 
7/1/72,15.98,38.83,65.47,115.47,14.00 ,24.49 ,75.81 ,97.34 ,13.82 ,37.91 ,66.16 ,98.34 
8/1/72,14.62,32.76,50.53,91.04,11.43 ,17.74 ,66.03 ,70.36 ,9.78 ,33.27 ,68.98 ,65.91 
9/1/72,6.51,15.99,43.25,51.18,3.74 ,17.90 ,46.04 ,40.34 ,3.61 ,29.16 ,37.38 ,35.85 
10/1/72,0.92,12.73,36.3,28.62,-6.05 ,14.40 ,33.40 ,15.98 ,-9.11 ,15.01 ,21.10 ,10.27 
11/1/72,-9.42,7.61,43.21,7.78,-20.96 ,6.02 ,26.36 ,5.79 ,-30.65 ,3.06 ,13.44 ,2.97 
12/1/72,-15.88,7.37,32.52,1.82,-25.55 ,,25.86 ,2.58 ,-33.94 ,2.95 ,16.53 ,1.23 
1/1/73,-21.42,6.62,22.67,2.73,-25.85 ,,16.09 ,2.74 ,-33.52 ,2.72 ,13.09 ,0.99 
2/1/73,-16.68,5.38,17.07,5.45,-24.30 ,,14.31 ,4.14 ,-31.41 ,1.61 ,8.28 ,2.63 
3/1/73,-8.78,5.39,16.91,18.1,-14.44 ,,15.67 ,16.27 ,-21.19 ,1.36 ,6.19 ,10.92 
4/1/73,2.68,5.48,16.57,59.63,-6.58 ,,21.57 ,37.20 ,-11.12 ,1.14 ,14.98 ,28.09 
5/1/73,8.82,25.47,32.77,103.29,2.60 ,23.12 ,24.79 ,74.09 ,3.25 ,4.70 ,19.04 ,76.52 
6/1/73,16.17,39.04,55.61,125.95,11.55 ,108.66 ,59.95 ,98.83 ,11.51 ,61.94 ,51.83 ,100.63 
7/1/73,16.77,35.65,79.21,112.86,14.38 ,27.89 ,91.56 ,91.61 ,15.05 ,37.24 ,78.53 ,100.77 
8/1/73,15.83,33.28,45.97,102.73,12.35 ,17.18 ,68.84 ,72.37 ,11.83 ,43.55 ,62.99 ,68.37 
9/1/73,8.36,19.88,51.88,56.62,6.73 ,16.19 ,47.43 ,44.67 ,5.89 ,33.13 ,38.14 ,43.77 
10/1/73,0.13,12.82,35.33,29.15,-5.08 ,14.26 ,27.23 ,18.93 ,-9.13 ,11.63 ,31.25 ,13.85 
11/1/73,-5.97,8.07,31.9,8.55,-14.33 ,,32.43 ,5.33 ,-26.51 ,4.26 ,19.51 ,2.93 
12/1/73,-12.48,8.13,21.52,4.57,-21.17 ,,26.84 ,3.28 ,-32.81 ,2.65 ,19.01 ,1.50 
1/1/74,-22.92,7.14,15.68,2.47,-31.05 ,,13.77 ,2.38 ,-36.92 ,2.50 ,13.71 ,0.67 
2/1/74,-22.14,5.21,16.83,3.64,-29.82 ,,13.24 ,3.76 ,-35.93 ,1.88 ,9.12 ,2.10 
3/1/74,-9.56,4.59,21.86,18,-17.27 ,,14.79 ,15.16 ,-21.36 ,1.54 ,3.88 ,11.34 
4/1/74,2.66,4.04,30.81,57.14,-4.68 ,,18.54 ,43.37 ,-8.43 ,1.06 ,15.05 ,32.93 
5/1/74,9.56,18.07,37.38,109.01,1.95 ,,37.46 ,68.71 ,2.43 ,2.79 ,28.65 ,67.81 
6/1/74,15.1,40.34,45.16,124.44,9.94 ,99.03 ,46.82 ,95.61 ,9.96 ,87.63 ,56.77 ,89.65 
7/1/74,19.71,39,40.9,141.97,14.21 ,36.53 ,75.41 ,97.54 ,14.75 ,57.27 ,88.43 ,96.13 
8/1/74,15.62,18.88,56.61,99.27,13.52 ,26.33 ,74.69 ,76.43 ,12.21 ,42.26 ,67.77 ,69.31 
9/1/74,9.9,10.95,44.62,59.01,5.57 ,22.84 ,53.27 ,39.30 ,4.62 ,24.71 ,34.72 ,37.32 
10/1/74,-0.05,8.29,31.45,27.96,-9.15 ,16.16 ,39.97 ,15.48 ,-11.67 ,18.36 ,30.94 ,10.16 
11/1/74,-13.41,4.7,30.27,6.78,-22.40 ,6.49 ,20.19 ,6.72 ,-28.30 ,6.60 ,14.36 ,3.67 
12/1/74,-17.77,6.14,9.79,4.86,-26.86 ,5.57 ,25.43 ,1.80 ,-38.17 ,5.32 ,12.96 ,1.14 
1/1/75,-15.16,5.05,26.77,3.11,-24.06 ,6.91 ,24.39 ,2.36 ,-34.83 ,2.61 ,13.42 ,0.88 
2/1/75,-15.4,3.96,20.16,5.43,-24.02 ,7.20 ,13.30 ,4.25 ,-33.16 ,2.00 ,6.54 ,2.45 
3/1/75,-6.57,3.97,18.77,21.62,-13.05 ,7.83 ,20.55 ,18.32 ,-17.62 ,1.76 ,13.28 ,11.80 
4/1/75,2.15,4.04,32.47,56.66,-4.69 ,8.55 ,25.39 ,40.07 ,-6.29 ,1.34 ,15.06 ,33.79 
5/1/75,7.67,18.15,45.79,96.44,3.82 ,29.97 ,32.26 ,76.91 ,4.59 ,20.65 ,32.47 ,76.94 
6/1/75,14.78,36.38,41.8,127.06,11.64 ,107.69 ,59.22 ,93.27 ,13.03 ,72.44 ,55.71 ,100.66 
7/1/75,18.26,34.67,58.51,131.21,14.85 ,28.84 ,67.10 ,99.02 ,14.07 ,38.29 ,65.96 ,99.27 
8/1/75,14.73,32.62,61.26,97.34,11.93 ,18.80 ,83.20 ,69.44 ,10.73 ,27.75 ,89.83 ,65.41 
9/1/75,10.55,18.62,38.21,60.76,6.04 ,20.80 ,49.72 ,42.75 ,3.44 ,34.98 ,35.97 ,38.28 
10/1/75,-0.18,11.09,35.56,28.36,-4.22 ,20.27 ,32.83 ,19.63 ,-7.18 ,15.01 ,25.93 ,13.42 
11/1/75,-10.35,6.49,29.94,8.09,-16.53 ,6.78 ,25.08 ,6.10 ,-23.62 ,3.64 ,17.50 ,2.95 
12/1/75,-16.6,6.97,19.96,2.4,-24.60 ,7.08 ,18.94 ,1.90 ,-30.27 ,2.56 ,16.36 ,1.15 
1/1/76,-15.8,5.66,24.8,4.22,-25.42 ,,14.94 ,2.47 ,-34.97 ,2.83 ,8.52 ,1.09 
2/1/76,-19.99,4.46,18.39,4.12,-25.15 ,,14.57 ,5.15 ,-33.95 ,2.10 ,9.47 ,2.42 
3/1/76,-11.74,4.26,8.71,19.33,-18.44 ,,10.21 ,15.43 ,-23.33 ,1.63 ,5.36 ,10.39 
4/1/76,2.2,3.64,14.95,58.75,-4.93 ,,14.67 ,42.96 ,-7.06 ,1.44 ,11.91 ,34.71 
5/1/76,9.24,19.57,30.71,107.5,2.58 ,,35.26 ,72.05 ,1.32 ,2.76 ,29.29 ,63.08 
6/1/76,17.13,35.91,55.01,130.13,11.61 ,85.51 ,36.04 ,100.42 ,9.68 ,70.50 ,47.49 ,90.61 
7/1/76,17.07,30.59,70.86,115.71,15.12 ,20.36 ,63.26 ,103.76 ,14.03 ,55.23 ,57.09 ,102.36 
8/1/76,16.13,14.02,45.88,101.4,11.07 ,15.74 ,78.38 ,68.41 ,11.11 ,26.90 ,67.56 ,69.52 
9/1/76,9.18,10.26,35.57,58.59,5.88 ,16.66 ,40.29 ,41.78 ,4.46 ,28.31 ,41.80 ,38.73 
10/1/76,-4.12,7.44,42.18,21.53,-8.44 ,13.44 ,26.17 ,14.77 ,-11.15 ,12.61 ,29.92 ,10.74 
11/1/76,-12.3,5.09,18.9,6.53,-18.70 ,,26.06 ,5.25 ,-26.73 ,3.21 ,17.12 ,3.42 
12/1/76,-18.45,5.41,17.15,1.69,-28.24 ,,21.82 ,2.13 ,-36.91 ,2.14 ,12.10 ,1.21 
1/1/77,-24.86,4.82,14.43,1.52,-33.17 ,,11.32 ,1.93 ,-38.38 ,1.81 ,9.20 ,1.07 
2/1/77,-21.36,3.79,21.62,3.69,-29.63 ,,11.27 ,3.82 ,-35.77 ,1.48 ,5.61 ,2.25 
3/1/77,-8.85,3.83,24.13,18.56,-16.18 ,,20.19 ,15.06 ,-22.45 ,1.46 ,10.48 ,8.97 
4/1/77,3.75,4.33,19.46,65.69,-4.92 ,,28.19 ,39.38 ,-8.63 ,1.43 ,16.03 ,31.28 
5/1/77,10.68,26.22,34.61,112.22,3.14 ,,37.13 ,72.18 ,3.36 ,6.77 ,27.71 ,71.69 
6/1/77,17.89,29.48,47.56,139.69,11.95 ,88.02 ,56.87 ,97.34 ,11.37 ,75.81 ,48.86 ,96.06 
7/1/77,18.06,21.89,52.21,126.49,14.30 ,24.06 ,58.00 ,100.96 ,13.27 ,44.85 ,78.27 ,92.00 
8/1/77,14.5,10.57,69.94,90.76,11.58 ,16.21 ,62.13 ,72.65 ,10.48 ,31.68 ,64.11 ,66.68 
9/1/77,9.83,8.95,38.68,61,5.28 ,17.86 ,46.43 ,44.75 ,2.80 ,28.10 ,56.18 ,37.46 
10/1/77,-1.11,8.12,44.75,23.21,-6.73 ,,38.65 ,18.93 ,-11.94 ,17.15 ,31.71 ,12.51 
11/1/77,-5.37,5.49,24.51,6.8,-13.13 ,,36.31 ,4.57 ,-26.18 ,2.50 ,22.92 ,2.92 
12/1/77,-16.64,6.47,28.06,2.55,-25.39 ,,19.50 ,2.66 ,-35.05 ,2.09 ,14.58 ,1.23 
1/1/78,-16.09,5.09,21.53,3.97,-25.75 ,,21.96 ,2.64 ,-38.17 ,2.24 ,11.52 ,0.94 
2/1/78,-17.19,3.93,15.13,5.51,-21.78 ,,15.50 ,6.04 ,-31.18 ,1.86 ,9.41 ,2.61 
3/1/78,-8.13,3.92,14.22,16.82,-15.93 ,,14.93 ,15.31 ,-20.39 ,1.74 ,11.42 ,10.58 
4/1/78,1.2,3.76,38.38,53.89,-4.63 ,,20.96 ,41.92 ,-6.73 ,1.32 ,11.98 ,34.04 
5/1/78,7.26,11.64,32.97,97.58,2.80 ,21.74 ,26.03 ,73.71 ,1.04 ,2.03 ,27.84 ,64.11 
6/1/78,15.55,38.41,53.33,119.25,11.38 ,105.35 ,55.13 ,94.74 ,10.62 ,92.91 ,54.35 ,94.28 
7/1/78,18.04,40.89,73.3,121.03,15.03 ,28.53 ,57.11 ,106.23 ,13.08 ,64.05 ,72.76 ,98.77 
8/1/78,13.12,24.7,63.96,84.84,11.52 ,16.90 ,71.36 ,68.51 ,11.61 ,38.74 ,54.00 ,70.81 
9/1/78,10.06,14.13,41.19,64.22,5.30 ,17.41 ,48.85 ,42.27 ,3.12 ,24.62 ,46.70 ,33.47 
10/1/78,1.35,13.87,38.67,28.52,-3.74 ,19.08 ,30.30 ,17.73 ,-8.16 ,12.84 ,26.52 ,12.20 
11/1/78,-6.21,9.61,35.34,9.52,-12.01 ,6.54 ,25.48 ,5.83 ,-19.56 ,2.91 ,20.04 ,2.76 
12/1/78,-17.82,7.66,30.57,2.55,-25.40 ,6.19 ,24.48 ,2.41 ,-35.75 ,2.89 ,14.06 ,1.16 
1/1/79,-22.52,7.33,28.35,2.58,-32.68 ,,19.18 ,2.42 ,-40.72 ,3.13 ,10.90 ,0.73 
2/1/79,-16.32,5.1,28.45,5.96,-26.72 ,,17.19 ,4.67 ,-34.04 ,2.61 ,10.11 ,2.01 
3/1/79,-9.6,4.47,18.07,20.46,-16.32 ,,16.83 ,16.24 ,-22.87 ,1.96 ,6.71 ,10.46 
4/1/79,-3.17,3.66,25.03,39.93,-7.73 ,,12.67 ,35.92 ,-9.95 ,1.49 ,7.91 ,30.49 
5/1/79,9.04,17.66,39.84,101.8,3.25 ,,38.74 ,72.40 ,3.02 ,5.00 ,36.21 ,69.73 
6/1/79,14.47,42.79,72.23,109.57,13.89 ,108.85 ,44.93 ,106.73 ,11.49 ,79.95 ,39.32 ,101.28 
7/1/79,18.61,44.37,75.19,116.07,15.63 ,26.48 ,48.15 ,107.17 ,13.56 ,27.56 ,54.95 ,100.07 
8/1/79,14.96,47.86,68.79,90.82,11.15 ,13.17 ,67.27 ,70.39 ,10.32 ,24.44 ,73.85 ,65.32 
9/1/79,10.62,35.32,39.93,59.97,5.59 ,12.69 ,41.02 ,43.86 ,3.35 ,34.76 ,33.35 ,39.81 
10/1/79,0.77,12.88,52.75,23.99,-5.35 ,,34.12 ,18.78 ,-11.53 ,17.13 ,30.46 ,11.20 
11/1/79,-8.57,6.99,26.95,7.9,-18.05 ,,34.33 ,5.71 ,-28.39 ,4.62 ,18.56 ,3.16 
12/1/79,-13.61,8.28,30.79,2.18,-23.14 ,,27.67 ,1.80 ,-31.09 ,4.19 ,19.66 ,0.42 
1/1/80,-20.74,7.64,16.99,3.32,-30.26 ,8.45 ,15.10 ,2.37 ,-36.70 ,4.32 ,15.67 ,0.81 
2/1/80,-19.01,5.54,8.41,5.04,-24.96 ,8.35 ,14.11 ,4.29 ,-32.13 ,2.87 ,10.13 ,2.36 
3/1/80,-12.14,4.72,8.94,18.59,-18.69 ,8.41 ,8.84 ,15.35 ,-24.02 ,2.21 ,7.37 ,9.65 
4/1/80,0.24,4.13,18.99,49.65,-7.36 ,8.23 ,16.15 ,35.12 ,-11.26 ,1.71 ,7.71 ,28.22 
5/1/80,10.07,18.29,33.96,108.62,2.10 ,15.75 ,32.20 ,71.54 ,1.15 ,3.61 ,30.02 ,63.20 
6/1/80,15.11,33.29,55.36,118.69,11.70 ,85.62 ,48.07 ,101.39 ,10.95 ,77.19 ,48.74 ,97.86 
7/1/80,17.05,31.77,70.16,114.98,15.45 ,24.79 ,95.14 ,96.11 ,16.46 ,57.60 ,64.80 ,107.51 
8/1/80,14.31,19.7,59.7,88.58,13.67 ,21.11 ,61.56 ,74.98 ,13.50 ,31.23 ,56.51 ,76.76 
9/1/80,10.22,15.72,32.82,63.62,5.96 ,18.71 ,43.21 ,40.97 ,3.86 ,18.53 ,38.61 ,35.62 
10/1/80,1.67,13.64,20.96,28.05,-4.60 ,12.67 ,32.48 ,16.12 ,-9.00 ,10.00 ,21.48 ,12.33 
11/1/80,-7.74,5.87,42.09,8.07,-16.23 ,5.22 ,31.81 ,6.53 ,-26.01 ,3.32 ,22.40 ,2.80 
12/1/80,-13.57,5.82,23.91,3.33,-25.12 ,6.13 ,29.10 ,2.54 ,-33.33 ,3.21 ,19.33 ,1.18 
1/1/81,-16.4,5.77,13.65,2.74,-25.35 ,8.13 ,19.81 ,1.55 ,-32.50 ,3.17 ,10.25 ,0.92 
2/1/81,-15.2,4.7,12.71,5.52,-24.78 ,8.09 ,15.36 ,4.21 ,-31.30 ,2.69 ,8.00 ,2.51 
3/1/81,-8.46,4.75,25.87,18.67,-14.50 ,9.23 ,15.27 ,15.88 ,-21.97 ,2.59 ,5.45 ,9.92 
4/1/81,1.83,3.74,30.62,56.37,-2.09 ,9.83 ,21.28 ,47.09 ,-5.99 ,1.90 ,13.42 ,36.98 
5/1/81,8.56,13.17,40.62,101.37,4.33 ,46.16 ,31.19 ,80.78 ,3.84 ,10.50 ,25.51 ,78.26 
6/1/81,17.53,39.91,32,134.22,11.69 ,70.08 ,49.40 ,98.32 ,11.02 ,64.50 ,51.92 ,92.04 
7/1/81,17.66,35.12,62.55,122.31,14.49 ,27.24 ,82.34 ,96.43 ,14.37 ,42.62 ,84.10 ,98.35 
8/1/81,17.78,16.29,38.54,107.26,12.01 ,14.88 ,47.66 ,75.12 ,10.60 ,39.74 ,69.12 ,64.23 
9/1/81,9.8,10.18,46.39,57.79,5.27 ,12.65 ,42.34 ,39.38 ,2.67 ,36.73 ,36.84 ,34.88 
10/1/81,1.13,8.76,28.55,27.7,-7.57 ,9.02 ,30.43 ,16.55 ,-9.32 ,20.18 ,25.21 ,11.45 
11/1/81,-9.24,4.17,20.01,7.38,-18.40 ,6.43 ,17.67 ,4.36 ,-26.68 ,3.76 ,15.00 ,2.76 
12/1/81,-13.77,4.44,18.03,4.98,-20.98 ,6.78 ,23.69 ,1.65 ,-31.12 ,3.45 ,16.87 ,0.69 
1/1/82,-19.37,4.42,26.74,3.17,-29.26 ,8.15 ,19.56 ,2.24 ,-38.02 ,4.17 ,9.70 ,0.99 
2/1/82,-17.16,3.57,16.22,5.93,-22.41 ,7.05 ,11.11 ,5.22 ,-29.19 ,2.66 ,7.90 ,2.61 
3/1/82,-13.13,3.56,14.01,16,-18.35 ,6.21 ,11.82 ,15.07 ,-23.54 ,2.41 ,6.75 ,10.19 
4/1/82,4.12,3.63,27.14,63.4,-1.77 ,6.15 ,27.28 ,45.94 ,-6.07 ,1.96 ,18.42 ,33.92 
5/1/82,10.7,22.68,40.09,109.97,3.69 ,38.75 ,36.80 ,73.94 ,1.91 ,5.47 ,27.55 ,66.15 
6/1/82,17,33.54,46.32,136.16,12.26 ,72.33 ,52.56 ,97.75 ,10.45 ,79.03 ,57.18 ,88.42 
7/1/82,17.98,20,53.58,126.94,14.66 ,19.65 ,70.66 ,96.76 ,15.05 ,51.90 ,73.43 ,95.94 
8/1/82,15.13,10.24,48.05,94.58,12.30 ,15.01 ,71.62 ,71.42 ,10.61 ,35.48 ,66.02 ,64.52 
9/1/82,10,8.82,36.01,63.3,4.48 ,16.54 ,45.56 ,41.48 ,3.17 ,34.14 ,44.01 ,33.99 
10/1/82,-0.33,6.46,50.82,21.21,-7.77 ,12.17 ,30.53 ,17.34 ,-12.35 ,16.04 ,30.85 ,11.77 
11/1/82,-6.51,4.61,35.47,6.33,-16.85 ,9.41 ,32.22 ,5.12 ,-29.66 ,3.39 ,17.60 ,2.61 
12/1/82,-11.72,5.12,26.13,2.97,-20.50 ,7.43 ,34.05 ,2.01 ,-33.79 ,4.39 ,16.48 ,1.29 
1/1/83,-13.56,3.87,25.27,2.88,-23.21 ,7.71 ,21.58 ,1.44 ,-33.89 ,3.97 ,15.90 ,0.48 
2/1/83,-13.41,3.23,19.08,6.37,-23.25 ,6.67 ,12.96 ,3.70 ,-32.43 ,2.80 ,6.87 ,2.26 
3/1/83,-7.14,3.36,21.13,19.32,-13.11 ,7.13 ,16.54 ,17.65 ,-18.46 ,2.51 ,8.91 ,11.80 
4/1/83,0.77,3.42,24.85,55.34,-8.17 ,7.45 ,25.23 ,34.35 ,-9.92 ,2.17 ,15.78 ,28.40 
5/1/83,6.08,12.69,45.39,88.73,2.34 ,12.64 ,34.26 ,71.73 ,2.73 ,5.43 ,24.35 ,69.90 
6/1/83,16.83,37.04,48.48,129.45,10.87 ,113.60 ,44.00 ,96.12 ,10.28 ,76.59 ,40.28 ,91.76 
7/1/83,18.74,38.32,52.78,126.66,13.77 ,33.83 ,69.93 ,93.96 ,14.03 ,49.39 ,63.14 ,94.40 
8/1/83,15.47,22.58,56.38,95.38,12.44 ,17.60 ,76.12 ,72.53 ,12.73 ,34.98 ,67.54 ,71.98 
9/1/83,8.37,11.72,56.87,51.15,5.57 ,15.83 ,51.17 ,38.53 ,5.97 ,35.50 ,52.10 ,33.60 
10/1/83,3.12,13.91,40.23,26.56,-2.99 ,13.20 ,31.69 ,17.33 ,-9.69 ,23.82 ,24.23 ,12.10 
11/1/83,-5.98,10.34,39.16,10.34,-11.66 ,8.58 ,31.70 ,6.66 ,-19.51 ,4.15 ,21.73 ,3.20 
12/1/83,-11.92,7.54,27.69,3.14,-20.57 ,8.50 ,25.42 ,2.09 ,-31.26 ,4.66 ,13.54 ,0.95 
1/1/84,-16.2,7.63,16.53,2.36,-25.97 ,8.91 ,18.01 ,1.63 ,-33.65 ,4.33 ,11.79 ,0.89 
2/1/84,-18.83,5.83,10.95,4.66,-25.32 ,8.34 ,17.97 ,3.81 ,-33.05 ,3.45 ,8.93 ,2.19 
3/1/84,-7.52,5.27,11.57,20.81,-16.28 ,9.22 ,11.28 ,16.07 ,-22.62 ,3.06 ,6.06 ,10.51 
4/1/84,-3.6,4.16,25.21,44.13,-9.86 ,8.65 ,19.92 ,34.73 ,-9.10 ,2.37 ,20.26 ,30.28 
5/1/84,8.89,11.93,34.98,100.56,4.20 ,37.28 ,35.14 ,75.88 ,4.57 ,23.67 ,31.73 ,75.50 
6/1/84,15.69,36.18,56.81,118.96,12.47 ,81.27 ,40.87 ,100.70 ,10.77 ,81.42 ,52.72 ,93.27 
7/1/84,17.68,33.43,67.94,117.8,15.14 ,21.29 ,74.51 ,98.23 ,15.19 ,33.01 ,50.11 ,104.37 
8/1/84,15.6,24.32,52.83,96.71,12.38 ,16.77 ,52.96 ,74.16 ,10.49 ,26.52 ,50.30 ,69.47 
9/1/84,9.18,15.66,54.63,52.54,6.02 ,14.35 ,35.18 ,41.52 ,3.13 ,17.22 ,27.34 ,37.66 
10/1/84,0.34,11.95,51.7,23.96,-6.39 ,12.02 ,33.34 ,17.13 ,-11.26 ,11.59 ,28.19 ,11.82 
11/1/84,-14.54,8.83,38.92,5.26,-21.53 ,12.04 ,23.76 ,5.75 ,-27.58 ,4.21 ,12.59 ,3.11 
12/1/84,-22.54,8.67,18.65,2.37,-27.39 ,9.31 ,26.92 ,2.81 ,-34.42 ,4.91 ,16.62 ,1.56 
1/1/85,-18.82,6.59,21.16,3.9,-29.13 ,9.22 ,23.14 ,2.73 ,-40.04 ,4.15 ,8.38 ,0.94 
2/1/85,-21.15,4.88,11.39,6.04,-30.59 ,8.52 ,7.99 ,3.96 ,-33.73 ,3.07 ,9.53 ,2.13 
3/1/85,-10.87,4.49,9.56,16.45,-17.05 ,10.15 ,16.98 ,14.36 ,-22.00 ,2.84 ,13.54 ,9.40 
4/1/85,1.57,4.55,36.5,50.98,-4.81 ,9.11 ,21.23 ,38.60 ,-7.17 ,2.25 ,13.74 ,30.92 
5/1/85,6.88,11.87,41.18,93.27,3.03 ,19.67 ,29.77 ,74.86 ,2.53 ,10.55 ,31.01 ,70.64 
6/1/85,15.03,39.5,46.44,121.13,12.84 ,78.32 ,54.26 ,100.59 ,11.61 ,69.59 ,41.60 ,101.67 
7/1/85,17.11,39.63,75.04,113.69,14.38 ,20.42 ,60.91 ,96.71 ,13.87 ,38.18 ,56.68 ,100.48 
8/1/85,15.49,37.33,61.15,90.95,11.87 ,17.10 ,77.76 ,67.42 ,11.01 ,24.26 ,46.02 ,69.50 
9/1/85,10.07,19.67,26.48,65.13,5.02 ,21.74 ,43.85 ,41.10 ,3.70 ,17.05 ,38.14 ,35.08 
10/1/85,0.62,12.58,44.65,22.97,-3.49 ,15.91 ,29.24 ,16.50 ,-8.75 ,11.74 ,25.67 ,11.43 
11/1/85,-10.29,6.1,33.06,7.01,-17.04 ,7.75 ,21.90 ,4.97 ,-23.24 ,3.38 ,17.76 ,2.39 
12/1/85,-16.65,5.77,27.99,3.72,-27.02 ,7.48 ,16.17 ,2.50 ,-34.62 ,3.38 ,11.69 ,1.57 
1/1/86,-17.15,5.7,20.16,3.85,-27.30 ,8.49 ,19.48 ,2.55 ,-37.41 ,3.39 ,10.25 ,1.04 
2/1/86,-18.52,4.47,14.3,6.55,-22.34 ,8.83 ,15.62 ,5.00 ,-28.71 ,2.70 ,9.67 ,2.63 
3/1/86,-8.45,4.74,16.88,18.63,-14.61 ,10.18 ,17.88 ,16.16 ,-20.58 ,2.42 ,8.48 ,11.55 
4/1/86,1.93,4.59,22.33,56.78,-6.18 ,9.81 ,21.04 ,38.58 ,-8.82 ,1.92 ,19.07 ,30.52 
5/1/86,7.89,16.33,42.22,88.48,3.37 ,24.81 ,29.66 ,74.03 ,1.61 ,1.91 ,20.36 ,67.52 
6/1/86,13.92,36.5,54.92,109.78,11.57 ,94.13 ,62.68 ,94.84 ,12.34 ,72.77 ,41.76 ,103.91 
7/1/86,17.48,37.93,73.33,113.21,16.55 ,24.55 ,71.58 ,99.92 ,16.03 ,33.91 ,36.05 ,111.55 
8/1/86,14.59,36.33,70.64,84.54,12.95 ,22.24 ,71.03 ,70.65 ,12.27 ,14.17 ,53.07 ,71.27 
9/1/86,8.77,21.7,48.9,58.54,6.04 ,18.64 ,44.26 ,43.20 ,4.66 ,15.06 ,34.35 ,39.29 
10/1/86,0.98,18.45,37.47,25.4,-3.77 ,20.34 ,28.76 ,18.48 ,-7.58 ,8.90 ,15.87 ,14.86 
11/1/86,-7.72,10.02,21.11,7.31,-14.76 ,8.56 ,30.59 ,4.67 ,-24.81 ,4.13 ,17.78 ,3.02 
12/1/86,-19.64,7.05,25.92,1.61,-25.80 ,8.70 ,19.23 ,1.61 ,-33.56 ,3.67 ,11.23 ,0.62 
1/1/87,-19.71,7.02,29.27,2.63,-29.25 ,8.29 ,18.95 ,1.84 ,-38.93 ,3.99 ,9.16 ,0.64 
2/1/87,-15,4.72,17.17,5.63,-24.28 ,8.95 ,13.59 ,3.83 ,-31.53 ,2.76 ,9.46 ,2.40 
3/1/87,-11.03,4.34,8.81,19.63,-18.84 ,9.45 ,11.15 ,14.31 ,-23.53 ,2.25 ,6.56 ,9.88 
4/1/87,-0.95,4.3,31.77,42.14,-6.22 ,10.43 ,15.71 ,38.47 ,-10.07 ,1.42 ,14.13 ,30.48 
5/1/87,10.69,14.57,45.06,100.9,3.17 ,20.16 ,27.74 ,76.50 ,-0.11 ,1.49 ,25.01 ,62.18 
6/1/87,14.27,41.26,49.2,114.36,8.27 ,71.39 ,47.45 ,85.75 ,9.68 ,67.17 ,48.29 ,93.35 
7/1/87,18.94,39.84,68.62,124.58,14.92 ,32.95 ,55.78 ,103.34 ,13.76 ,42.63 ,60.46 ,97.72 
8/1/87,16.24,29.51,53.64,98.49,13.29 ,18.88 ,53.71 ,75.64 ,11.91 ,27.10 ,46.17 ,72.90 
9/1/87,9.5,12.54,62.58,51.01,5.60 ,14.64 ,40.53 ,41.27 ,2.67 ,14.57 ,40.37 ,36.76 
10/1/87,-0.21,9.58,32.62,19.99,-5.62 ,12.92 ,36.81 ,15.78 ,-10.08 ,9.73 ,25.97 ,12.06 
11/1/87,-14.39,6.83,30.69,3.32,-22.85 ,8.64 ,20.82 ,4.72 ,-30.52 ,4.55 ,16.43 ,2.33 
12/1/87,-14.69,5.74,31.22,2.17,-23.20 ,7.64 ,29.26 ,2.05 ,-36.32 ,3.85 ,14.30 ,1.30 
1/1/88,-17.44,5.28,22.28,2.28,-26.00 ,8.99 ,21.83 ,2.61 ,-35.44 ,3.87 ,13.07 ,0.76 
2/1/88,-19.46,4.44,10.33,6.45,-27.13 ,8.37 ,13.22 ,4.75 ,-32.97 ,3.51 ,7.77 ,2.58 
3/1/88,-8.38,4.47,7.35,22.85,-16.46 ,10.12 ,12.33 ,15.38 ,-22.02 ,2.96 ,9.34 ,9.99 
4/1/88,1.76,4.34,28.88,58.25,-5.62 ,10.42 ,25.38 ,41.39 ,-7.55 ,2.39 ,19.28 ,33.15 
5/1/88,7.82,16.66,37.55,92.1,3.25 ,25.20 ,27.16 ,73.49 ,3.00 ,14.43 ,25.62 ,69.56 
6/1/88,15.53,37.62,37.08,129.03,10.17 ,83.82 ,70.93 ,85.45 ,11.56 ,85.22 ,68.99 ,90.42 
7/1/88,18.96,32.95,55.23,129.16,13.70 ,27.78 ,92.18 ,90.72 ,15.53 ,52.87 ,87.69 ,96.79 
8/1/88,16.15,17.23,43.8,97.11,12.57 ,23.98 ,72.17 ,70.24 ,11.40 ,47.24 ,69.11 ,69.33 
9/1/88,10.36,12.78,39.81,59.64,7.02 ,21.89 ,48.16 ,41.39 ,5.92 ,31.64 ,37.71 ,39.09 
10/1/88,1.57,10.67,33.06,28.13,-3.22 ,19.18 ,34.33 ,17.59 ,-6.27 ,19.39 ,31.07 ,13.07 
11/1/88,-7.24,4.44,32.87,10.37,-13.27 ,9.70 ,30.69 ,6.68 ,-22.12 ,4.41 ,21.09 ,2.78 
12/1/88,-12.36,4.57,26.4,2.94,-20.79 ,9.14 ,22.95 ,2.30 ,-29.04 ,3.83 ,17.45 ,1.12 
1/1/89,-17.85,4.71,24.39,2.58,-25.11 ,8.66 ,20.41 ,2.05 ,-34.33 ,4.36 ,11.13 ,0.98 
2/1/89,-15.23,3.91,17.21,5.43,-19.32 ,8.47 ,16.84 ,4.82 ,-25.82 ,3.48 ,9.71 ,3.11 
3/1/89,-5.88,3.83,10.64,23.81,-11.76 ,10.10 ,20.92 ,17.46 ,-16.49 ,2.89 ,15.75 ,10.70 
4/1/89,-0.84,3.69,26.49,51.56,-5.76 ,11.32 ,19.01 ,42.04 ,-8.27 ,2.48 ,12.06 ,33.46 
5/1/89,10.14,15.6,36.89,105.11,4.71 ,28.65 ,33.37 ,77.48 ,3.06 ,24.32 ,30.92 ,68.16 
6/1/89,16.21,33.11,36.96,129.75,9.34 ,86.44 ,50.87 ,87.28 ,10.17 ,110.68 ,60.91 ,87.70 
7/1/89,19.91,24.45,38.73,138.3,14.26 ,32.03 ,67.62 ,97.09 ,13.80 ,56.52 ,62.41 ,97.24 
8/1/89,15.68,11.74,47.6,99.36,11.75 ,18.25 ,62.99 ,71.04 ,10.77 ,37.71 ,66.36 ,66.43 
9/1/89,8.9,8.93,31.87,60.63,4.18 ,18.28 ,44.58 ,41.14 ,3.30 ,32.80 ,47.44 ,37.06 
10/1/89,2.02,8.91,44.62,29.72,-3.55 ,15.22 ,37.11 ,18.65 ,-9.29 ,15.97 ,23.71 ,12.11 
11/1/89,-8.47,4.51,27.43,7.47,-16.87 ,9.64 ,30.18 ,5.88 ,-24.91 ,4.26 ,17.78 ,2.86 
12/1/89,-13.52,4.28,34.61,3.65,-22.98 ,8.46 ,23.73 ,2.91 ,-32.03 ,3.71 ,12.61 ,1.29 
1/1/90,-19.56,4.19,24.76,2.52,-31.01 ,8.44 ,11.40 ,2.18 ,-38.80 ,4.17 ,8.13 ,1.15 
2/1/90,-14.3,3.35,22.17,4.25,-22.92 ,7.90 ,16.55 ,3.95 ,-31.74 ,3.39 ,9.74 ,2.29 
3/1/90,-5.15,3.23,31.53,21.5,-8.83 ,8.57 ,18.60 ,20.57 ,-13.18 ,3.10 ,11.42 ,15.49 
4/1/90,2.49,3.38,20.78,63.53,-4.89 ,8.60 ,14.99 ,41.66 ,-7.05 ,2.33 ,15.66 ,34.44 
5/1/90,10.23,19.32,46.42,107.12,5.71 ,48.29 ,37.17 ,82.89 ,5.55 ,32.11 ,25.16 ,82.02 
6/1/90,16.98,35.98,53.24,129.85,11.60 ,87.48 ,59.31 ,96.13 ,12.25 ,61.49 ,41.32 ,100.94 
7/1/90,19.18,34.13,75.31,120.44,16.17 ,19.35 ,59.36 ,103.40 ,14.08 ,37.92 ,60.55 ,98.85 
8/1/90,15.33,19.34,52.95,90.21,12.78 ,13.60 ,71.09 ,73.86 ,12.94 ,22.49 ,40.78 ,79.35 
9/1/90,9.14,13.19,47.36,58.55,5.16 ,13.42 ,47.31 ,40.66 ,3.11 ,17.18 ,36.40 ,38.07 
10/1/90,1.35,11.92,48.95,25.84,-2.46 ,14.54 ,36.50 ,19.45 ,-6.23 ,12.90 ,32.85 ,13.21 
11/1/90,-9.83,8.69,36.6,6.84,-17.16 ,8.89 ,30.44 ,6.10 ,-24.86 ,4.58 ,26.17 ,3.13 
12/1/90,-14.51,7.4,26.57,2.33,-22.67 ,7.60 ,26.75 ,2.43 ,-31.58 ,3.99 ,17.40 ,0.75 
1/1/91,-15.91,6.24,29.93,2.69,-25.83 ,7.69 ,15.69 ,1.94 ,-32.43 ,4.71 ,11.15 ,0.65 
2/1/91,-17.15,4.59,13.76,4.98,-25.02 ,8.16 ,15.11 ,4.72 ,-32.35 ,3.51 ,7.63 ,2.70 
3/1/91,-12.52,4.93,17.34,16.79,-18.31 ,9.32 ,8.95 ,15.16 ,-23.36 ,3.15 ,6.62 ,9.43 
4/1/91,3.84,5.6,11.87,64.16,-4.51 ,9.29 ,25.14 ,39.93 ,-7.15 ,2.51 ,13.48 ,34.45 
5/1/91,11.31,28.7,20.8,118.05,3.51 ,31.82 ,33.84 ,74.08 ,2.43 ,2.61 ,29.63 ,69.38 
6/1/91,18.2,31.3,38.57,138.63,11.76 ,85.72 ,57.24 ,95.29 ,10.16 ,79.25 ,56.55 ,87.21 
7/1/91,18.82,21.88,64.76,123.53,16.34 ,29.87 ,78.74 ,101.60 ,16.53 ,41.66 ,49.52 ,108.65 
8/1/91,14.32,11.64,60.47,87.97,13.05 ,20.12 ,73.78 ,70.98 ,13.03 ,25.85 ,60.66 ,69.60 
9/1/91,11,10.71,49.88,60.96,6.93 ,17.66 ,40.89 ,42.50 ,4.10 ,19.90 ,20.30 ,38.36 
10/1/91,3.41,11.44,29.01,31.87,-4.11 ,16.61 ,44.04 ,16.61 ,-8.58 ,9.34 ,33.08 ,12.12 
11/1/91,-7.71,7.54,24.83,7.54,-15.47 ,12.56 ,30.12 ,4.04 ,-23.98 ,3.21 ,23.63 ,2.42 
12/1/91,-18.1,5.91,27.89,2.78,-27.27 ,9.43 ,19.64 ,2.33 ,-33.74 ,2.52 ,12.50 ,1.33 
1/1/92,-14.83,4.8,27.25,3.25,-21.33 ,10.17 ,23.87 ,2.41 ,-32.13 ,2.62 ,13.83 ,0.62 
2/1/92,-14.4,3.97,16.36,5.82,-21.53 ,9.55 ,19.16 ,3.45 ,-29.80 ,2.28 ,13.02 ,1.68 
3/1/92,-9.67,3.89,13.63,18.23,-15.01 ,10.61 ,13.38 ,15.45 ,-20.45 ,2.26 ,12.42 ,9.42 
4/1/92,-1.12,3.86,33.22,49.43,-7.59 ,11.08 ,24.71 ,37.48 ,-8.76 ,1.95 ,12.82 ,29.17 
5/1/92,9.85,13.55,25.09,105.77,5.74 ,46.40 ,24.66 ,81.43 ,4.11 ,5.11 ,25.62 ,73.19 
6/1/92,13.3,30.17,48.9,114.8,10.00 ,86.75 ,62.88 ,92.80 ,11.45 ,84.20 ,41.74 ,96.21 
7/1/92,17.42,28.57,63.86,120.37,15.07 ,35.46 ,52.39 ,100.95 ,14.37 ,38.31 ,69.81 ,98.38 
8/1/92,14.68,15.47,75.79,83.43,13.36 ,15.39 ,65.66 ,73.63 ,11.32 ,32.11 ,42.09 ,74.99 
9/1/92,7.39,11.15,40.68,47.49,3.44 ,13.33 ,46.53 ,35.91 ,2.99 ,16.79 ,32.59 ,33.27 
10/1/92,0.37,12.84,39.99,26.71,-4.38 ,12.89 ,34.22 ,18.69 ,-7.25 ,15.33 ,25.97 ,14.69 
11/1/92,-10.14,8.97,37.62,7.07,-19.44 ,8.68 ,30.09 ,4.70 ,-29.14 ,4.45 ,16.86 ,2.77 
12/1/92,-13.74,6.53,27.02,2.67,-22.95 ,8.27 ,27.56 ,2.65 ,-31.57 ,3.61 ,13.95 ,0.87 
1/1/93,-15.16,6.51,24.36,1.91,-23.99 ,8.77 ,21.78 ,1.58 ,-31.78 ,3.81 ,14.21 ,0.62 
2/1/93,-14.87,5.78,17.29,6.83,-20.05 ,8.52 ,17.03 ,5.06 ,-28.14 ,3.03 ,7.95 ,2.44 
3/1/93,-8.04,6.67,13.38,18.92,-10.51 ,10.31 ,13.22 ,17.55 ,-18.31 ,3.00 ,10.44 ,11.68 
4/1/93,0.35,6.76,24.97,48.54,-5.39 ,10.64 ,17.13 ,39.91 ,-9.03 ,2.50 ,9.37 ,32.60 
5/1/93,7.45,15.61,41.09,94.64,2.51 ,16.19 ,32.43 ,71.49 ,2.69 ,4.04 ,33.57 ,67.70 
6/1/93,16.31,37.75,61.72,118.37,11.71 ,78.62 ,44.09 ,96.26 ,10.71 ,80.69 ,42.94 ,94.86 
7/1/93,18.54,33.94,67.93,117.42,16.07 ,26.54 ,56.39 ,103.83 ,15.44 ,41.91 ,57.27 ,103.62 
8/1/93,15.69,25.91,62.08,90.38,12.65 ,16.17 ,75.78 ,70.17 ,11.62 ,26.34 ,57.83 ,69.97 
9/1/93,7.76,12.26,55.89,50.68,5.29 ,15.43 ,47.99 ,41.20 ,3.86 ,24.29 ,43.96 ,34.76 
10/1/93,1.59,13.05,35.4,29.93,-3.82 ,13.94 ,36.79 ,19.56 ,-8.43 ,18.90 ,31.83 ,13.56 
11/1/93,-14.21,8.38,18.13,6.71,-17.49 ,10.80 ,27.37 ,6.11 ,-26.40 ,4.82 ,14.46 ,3.20 
12/1/93,-15.9,6.53,23.29,2.95,-23.12 ,9.64 ,23.92 ,2.21 ,-34.30 ,4.03 ,16.27 ,1.20 
1/1/94,-17.18,6.07,24.54,2.88,-28.69 ,10.11 ,16.79 ,1.88 ,-39.93 ,4.07 ,9.76 ,0.59 
2/1/94,-21.03,4.45,16.45,5.15,-26.13 ,9.44 ,10.12 ,4.40 ,-31.19 ,3.40 ,8.96 ,2.27 
3/1/94,-8.69,4.37,17.44,19.07,-13.80 ,10.46 ,16.01 ,14.73 ,-21.01 ,3.27 ,8.94 ,9.47 
4/1/94,2.36,4.3,23.2,58.1,-4.67 ,10.31 ,24.35 ,39.85 ,-8.70 ,2.91 ,12.47 ,30.62 
5/1/94,9.41,17.46,46,103.46,3.47 ,25.28 ,35.11 ,74.91 ,2.62 ,8.81 ,27.64 ,66.24 
6/1/94,17.72,38.83,52.88,132.07,13.20 ,93.01 ,54.64 ,99.58 ,10.85 ,87.96 ,55.95 ,92.03 
7/1/94,17.6,33.63,87.85,112.33,16.58 ,23.21 ,62.58 ,104.49 ,14.91 ,47.03 ,74.25 ,102.62 
8/1/94,15,21.72,56.13,87.38,12.32 ,13.65 ,58.46 ,73.02 ,11.28 ,33.44 ,56.94 ,71.14 
9/1/94,9.01,12.2,45.52,56.55,5.17 ,12.11 ,54.44 ,39.28 ,4.91 ,21.99 ,38.52 ,36.49 
10/1/94,2.74,11.8,26.09,32.61,-2.83 ,13.63 ,27.45 ,18.63 ,-6.20 ,19.82 ,29.94 ,13.65 
11/1/94,-8.08,8.52,47.71,7.3,-16.36 ,8.91 ,27.48 ,6.45 ,-24.92 ,4.24 ,18.84 ,3.32 
12/1/94,-16.63,7.04,24.18,2.12,-26.84 ,8.15 ,17.43 ,2.01 ,-35.76 ,3.76 ,9.36 ,1.20 
1/1/95,-15.83,6.25,14.68,2.73,-21.90 ,8.76 ,26.95 ,1.78 ,-32.07 ,3.77 ,19.82 ,0.53 
2/1/95,-10.79,5.23,17.62,6.19,-18.39 ,8.47 ,16.56 ,4.89 ,-26.10 ,2.62 ,9.58 ,2.52 
3/1/95,-6.43,5.41,18.94,19.3,-14.15 ,10.15 ,17.85 ,14.49 ,-21.65 ,2.27 ,11.59 ,9.70 
4/1/95,5.6,11.53,16.94,70.42,-3.20 ,10.54 ,25.76 ,42.01 ,-9.35 ,1.96 ,11.97 ,29.78 
5/1/95,9.96,31.8,42.82,102,2.84 ,34.88 ,30.19 ,72.37 ,1.60 ,2.46 ,26.84 ,66.09 
6/1/95,14.08,27.78,52.18,116.87,10.10 ,66.59 ,59.00 ,88.77 ,12.48 ,75.84 ,42.71 ,97.77 
7/1/95,18.8,23.71,64.66,124.54,15.20 ,33.70 ,59.07 ,103.75 ,14.49 ,41.21 ,65.21 ,99.99 
8/1/95,16.57,14.29,62.92,97.41,13.92 ,20.00 ,64.00 ,78.01 ,12.43 ,26.27 ,57.60 ,73.77 
9/1/95,10.02,11.15,33.2,60.95,5.44 ,20.15 ,49.94 ,40.82 ,4.38 ,22.21 ,39.86 ,37.25 
10/1/95,2.21,10.46,41.76,28.11,-2.76 ,20.24 ,42.58 ,18.49 ,-5.80 ,14.98 ,29.41 ,14.21 
11/1/95,-5.82,8.49,31.01,11.07,-13.39 ,13.04 ,37.44 ,6.78 ,-22.92 ,3.96 ,28.28 ,3.05 
12/1/95,-15.43,7.35,34.23,3.67,-21.86 ,12.90 ,24.80 ,3.57 ,-30.03 ,3.00 ,13.09 ,1.55 
1/1/96,-21.02,5.92,17.08,3.06,-28.15 ,11.83 ,19.12 ,2.82 ,-35.71 ,3.47 ,15.39 ,0.94 
2/1/96,-17.31,4.89,12.58,6.55,-22.96 ,11.64 ,12.12 ,5.15 ,-29.35 ,3.14 ,10.11 ,2.59 
3/1/96,-9.72,4.76,5.63,23.57,-14.56 ,12.75 ,9.66 ,18.24 ,-21.25 ,2.64 ,6.91 ,10.96 
4/1/96,-0.95,4.59,27.39,51.43,-5.85 ,12.56 ,17.01 ,41.27 ,-7.95 ,2.03 ,13.24 ,32.52 
5/1/96,9.18,12.63,33.66,106.37,3.57 ,14.74 ,24.81 ,78.40 ,3.26 ,6.29 ,30.38 ,70.61 
6/1/96,16.21,33.76,60.8,123.55,10.52 ,89.98 ,47.28 ,93.05 ,10.74 ,81.32 ,45.63 ,89.16 
7/1/96,19.47,32.75,72.73,119.14,17.44 ,29.88 ,55.19 ,106.80 ,16.00 ,46.75 ,38.87 ,109.75 
8/1/96,13.39,22.18,55.1,83.98,11.33 ,16.24 ,68.34 ,69.17 ,11.12 ,18.34 ,63.62 ,65.99 
9/1/96,7.72,11.43,57.85,51,3.33 ,17.44 ,35.94 ,40.26 ,2.92 ,20.79 ,63.66 ,34.10 
10/1/96,0.39,13.26,31.56,23.79,-5.34 ,14.82 ,28.96 ,15.07 ,-8.61 ,18.05 ,28.08 ,10.42 
11/1/96,-7.89,9.87,24.05,5.07,-17.57 ,10.31 ,25.22 ,4.26 ,-24.73 ,3.47 ,16.22 ,2.52 
12/1/96,-14.72,6.93,30.19,2.71,-24.63 ,9.62 ,33.07 ,2.38 ,-36.23 ,4.03 ,17.25 ,1.24 
1/1/97,-18.5,6.02,28.62,3.2,-27.18 ,10.05 ,17.57 ,2.65 ,-34.65 ,4.11 ,11.64 ,0.62 
2/1/97,-15.33,4.45,19.59,5.23,-22.23 ,8.97 ,16.37 ,4.41 ,-29.65 ,2.40 ,9.41 ,2.27 
3/1/97,-4.7,4.19,19.8,22.39,-12.03 ,9.72 ,14.21 ,18.93 ,-20.82 ,2.32 ,7.94 ,10.25 
4/1/97,6.41,5.31,20.16,75.61,0.52 ,11.86 ,16.03 ,55.49 ,-3.85 ,1.81 ,12.91 ,41.73 
5/1/97,11.19,33.24,41.57,104.29,5.61 ,76.81 ,43.93 ,78.82 ,3.79 ,11.99 ,25.87 ,73.31 
6/1/97,15.48,36.6,43.39,125.23,11.28 ,41.67 ,58.50 ,96.80 ,11.65 ,76.41 ,56.17 ,93.66 
7/1/97,16.17,33.46,47.63,111.69,14.49 ,26.50 ,79.36 ,91.95 ,15.59 ,45.20 ,67.94 ,96.72 
8/1/97,15.01,15.24,66.4,91.34,12.53 ,21.40 ,73.71 ,68.08 ,12.82 ,40.57 ,76.28 ,68.44 
9/1/97,10.7,12.38,20.61,70.1,6.03 ,19.97 ,26.68 ,44.46 ,3.47 ,37.56 ,49.04 ,34.09 
10/1/97,4.32,11.19,31.08,37.15,-2.89 ,17.13 ,33.68 ,17.21 ,-6.65 ,20.60 ,30.18 ,11.90 
11/1/97,-11,6.8,35.65,6.33,-18.93 ,9.78 ,25.74 ,3.89 ,-25.15 ,5.39 ,18.77 ,1.55 
12/1/97,-18.66,4.78,26.33,3.31,-26.07 ,9.10 ,20.06 ,2.71 ,-34.49 ,3.99 ,13.94 ,1.06 
1/1/98,-20.41,4.2,14.51,2.33,-28.90 ,10.59 ,15.73 ,2.46 ,-37.66 ,4.53 ,11.14 ,0.78 
2/1/98,-16.18,3.46,27.43,4.67,-20.58 ,8.99 ,14.52 ,5.06 ,-28.30 ,3.31 ,10.43 ,2.35 
3/1/98,-8.43,3.54,8.42,21.74,-12.80 ,8.68 ,13.71 ,18.54 ,-19.85 ,2.88 ,12.25 ,10.85 
4/1/98,-1.26,2.96,39.38,46.3,-4.68 ,8.02 ,20.55 ,41.74 ,-7.85 ,2.46 ,16.86 ,33.01 
5/1/98,9.05,7.61,31.92,101.32,3.15 ,15.26 ,32.43 ,70.06 ,1.32 ,3.27 ,39.11 ,60.78 
6/1/98,16.39,37.38,50.28,124.24,10.44 ,95.08 ,64.44 ,87.01 ,12.71 ,86.56 ,47.81 ,100.29 
7/1/98,20.41,36.29,51.86,137.09,16.12 ,32.24 ,65.73 ,102.64 ,16.38 ,56.05 ,60.90 ,105.47 
8/1/98,18.07,32.76,49.5,107.89,14.96 ,14.82 ,64.49 ,76.95 ,13.72 ,32.64 ,35.57 ,76.64 
9/1/98,8.34,14.31,40.12,55.72,4.23 ,18.42 ,55.23 ,38.04 ,3.15 ,23.55 ,67.96 ,31.67 
10/1/98,1.19,10.16,50.48,27.76,-5.82 ,14.79 ,37.61 ,15.64 ,-10.33 ,14.66 ,32.93 ,10.91 
11/1/98,-14.02,8.22,34.84,4.62,-22.54 ,11.02 ,20.40 ,4.74 ,-29.41 ,4.14 ,11.87 ,1.86 
12/1/98,-12.74,7.04,34.39,4.04,-22.28 ,9.50 ,32.27 ,1.60 ,-34.77 ,3.83 ,15.73 ,1.14 
1/1/99,-18.37,5.62,30.54,2.23,-28.64 ,10.24 ,13.65 ,2.13 ,-34.69 ,4.06 ,14.72 ,0.71 
2/1/99,-12.01,4.03,14.99,7.27,-19.48 ,8.48 ,14.28 ,4.73 ,-30.28 ,3.34 ,11.74 ,2.19 
3/1/99,-14.99,4.21,14.53,14.73,-22.08 ,9.17 ,7.43 ,12.84 ,-26.95 ,2.85 ,3.38 ,8.42 
4/1/99,1.05,3.99,28.21,53.57,-4.86 ,9.17 ,21.37 ,38.89 ,-8.32 ,2.51 ,15.67 ,29.98 
5/1/99,10.78,13.07,39.64,110.73,6.23 ,65.35 ,24.67 ,84.55 ,3.47 ,10.27 ,28.68 ,71.50 
6/1/99,13.97,44.93,49.68,112.26,10.43 ,65.36 ,45.49 ,94.43 ,11.21 ,76.78 ,46.32 ,96.08 
7/1/99,19.61,44.94,51.35,130.93,16.76 ,20.30 ,62.22 ,103.72 ,16.30 ,40.06 ,55.58 ,106.15 
8/1/99,15.86,34.97,49.93,98.7,11.90 ,14.25 ,78.90 ,68.33 ,10.83 ,27.84 ,65.52 ,65.56 
9/1/99,8.97,12.89,50.86,56.13,4.87 ,16.17 ,32.01 ,40.72 ,3.70 ,25.01 ,43.32 ,36.56 
10/1/99,3.29,12.98,36.95,29.55,-4.91 ,12.78 ,34.92 ,15.28 ,-9.70 ,17.52 ,37.65 ,11.29 
11/1/99,-10.53,8.31,31.96,4.01,-16.19 ,12.95 ,23.59 ,3.48 ,-25.01 ,3.97 ,22.54 ,1.28 
12/1/99,-11.02,6.1,29.48,2.15,-21.16 ,10.01 ,24.23 ,1.33 ,-32.13 ,3.88 ,18.39 ,0.35 
1/1/00,-19.63,5.28,22.36,1.74,-31.03 ,10.27 ,11.59 ,1.95 ,-36.41 ,4.03 ,9.31 ,0.66 
2/1/00,-13.88,4.6,19.83,5.43,-23.80 ,10.00 ,14.80 ,3.92 ,-30.18 ,3.81 ,6.56 ,2.70 
3/1/00,-6.56,4.14,17.98,21.16,-13.22 ,9.98 ,14.53 ,16.73 ,-20.85 ,3.58 ,6.70 ,9.89 
4/1/00,4.53,4.18,23.88,68.54,-3.45 ,9.42 ,24.72 ,42.69 ,-6.11 ,2.98 ,13.87 ,32.12 
5/1/00,9.57,18.19,62.58,96.4,5.19 ,40.31 ,32.27 ,81.96 ,3.69 ,33.23 ,38.05 ,69.64 
6/1/00,17.13,32.65,53.72,127.26,14.04 ,71.55 ,54.50 ,106.40 ,12.43 ,73.13 ,53.94 ,97.44 
7/1/00,18.41,29.79,49.66,127.48,14.81 ,22.02 ,83.04 ,93.50 ,14.71 ,48.64 ,78.87 ,93.71 
8/1/00,16.42,19.51,72.02,95.56,14.01 ,18.18 ,77.04 ,74.44 ,12.43 ,35.72 ,64.89 ,71.97 
9/1/00,9.58,11.76,40.52,61.57,6.21 ,19.17 ,46.40 ,44.66 ,4.30 ,30.95 ,55.70 ,37.28 
10/1/00,-0.64,10.84,34.69,20.14,-6.88 ,16.60 ,33.53 ,13.30 ,-10.81 ,20.86 ,23.04 ,9.94 
11/1/00,-12.58,7.46,28.34,5.47,-21.76 ,11.96 ,22.24 ,4.67 ,-28.76 ,5.10 ,11.67 ,2.28 
12/1/00,-17.18,5.04,37.15,1.64,-30.98 ,10.05 ,15.26 ,3.25 ,-38.81 ,5.12 ,8.25 ,1.60 
1/1/01,-20.73,4.25,30.49,1.83,-33.04 ,10.80 ,13.68 ,2.14 ,-38.74 ,4.98 ,7.26 ,0.61 
2/1/01,-17.7,3.51,20.39,3.94,-26.22 ,9.67 ,14.73 ,3.51 ,-35.05 ,3.07 ,7.35 ,2.17 
3/1/01,-6.57,3.52,35.58,21.61,-15.34 ,10.37 ,27.02 ,14.93 ,-21.48 ,2.35 ,11.67 ,8.18 
4/1/01,2.29,3.34,22.33,59.89,-5.60 ,9.64 ,23.35 ,39.77 ,-8.96 ,2.25 ,17.72 ,29.54 
5/1/01,12.58,21.18,36.94,120.08,5.31 ,25.03 ,39.34 ,76.84 ,3.86 ,16.19 ,35.28 ,70.25 
6/1/01,16.46,37.23,73.42,119.02,14.82 ,97.22 ,69.21 ,106.93 ,12.81 ,88.34 ,48.04 ,104.95 
7/1/01,16.85,35.13,70.21,111.55,15.72 ,27.93 ,88.00 ,91.72 ,17.12 ,27.65 ,57.21 ,107.89 
8/1/01,16.83,32.66,67.86,97.16,14.96 ,21.13 ,76.18 ,81.95 ,12.29 ,27.00 ,64.55 ,70.62 
9/1/01,9.84,18.29,39.58,56.26,5.97 ,19.35 ,48.27 ,40.87 ,2.42 ,19.21 ,44.11 ,34.87 
10/1/01,0.43,12.57,49.18,22.43,-4.11 ,17.40 ,30.32 ,16.71 ,-8.35 ,11.00 ,28.64 ,10.38 
11/1/01,-6.13,9.31,33.55,6.91,-12.21 ,15.15 ,30.34 ,3.70 ,-20.67 ,2.68 ,26.80 ,1.88 
12/1/01,-17.17,8.29,21.51,2.34,-25.45 ,11.72 ,20.35 ,2.62 ,-33.27 ,2.56 ,11.73 ,1.14 
1/1/02,-12.8,7.75,34.31,3.32,-22.11 ,11.73 ,29.20 ,2.09 ,-32.71 ,3.33 ,16.81 ,1.14 
2/1/02,-10.27,5.47,26.47,6.52,-19.04 ,11.03 ,21.06 ,3.87 ,-27.91 ,2.81 ,15.67 ,1.57 
3/1/02,-4.4,5.39,39.04,24.68,-11.34 ,11.99 ,22.94 ,18.41 ,-18.02 ,2.59 ,9.97 ,11.27 
4/1/02,0.17,5.43,16.17,53.66,-5.94 ,11.64 ,18.65 ,39.62 ,-7.16 ,2.63 ,18.21 ,33.19 
5/1/02,9.64,22.89,47.32,101.98,5.81 ,46.42 ,33.47 ,83.28 ,4.31 ,15.60 ,28.16 ,78.45 
6/1/02,15.74,37.04,71.99,112.55,13.81 ,84.05 ,61.98 ,101.87 ,13.02 ,86.02 ,56.09 ,100.60 
7/1/02,18,38.94,64.08,116.3,16.75 ,22.01 ,70.18 ,100.07 ,16.03 ,38.08 ,61.36 ,104.65 
8/1/02,15.35,39.48,56.54,91.12,13.72 ,19.20 ,69.39 ,73.74 ,13.04 ,22.47 ,56.68 ,69.64 
9/1/02,10.2,30.49,47.57,62.86,5.45 ,23.20 ,53.10 ,42.42 ,4.32 ,24.00 ,47.36 ,39.33 
10/1/02,1.29,17.4,36.43,26.46,-5.77 ,17.71 ,31.41 ,15.39 ,-9.82 ,15.22 ,15.48 ,11.60 
11/1/02,-7.37,11.37,39.87,7.59,-18.10 ,10.29 ,22.40 ,3.89 ,-24.63 ,3.30 ,17.41 ,2.47 
12/1/02,-20.73,7.33,22.55,2.77,-29.77 ,9.83 ,13.54 ,2.61 ,-37.36 ,3.93 ,7.78 ,1.49 
1/1/03,-16.52,6.43,27.38,2.74,-25.61 ,11.26 ,22.95 ,1.68 ,-35.46 ,3.80 ,10.73 ,0.63 
2/1/03,-16.47,5.01,14.32,5.41,-21.79 ,9.44 ,17.14 ,3.67 ,-29.63 ,2.85 ,9.68 ,2.14 
3/1/03,-9.3,5.11,15.4,18.97,-13.95 ,9.61 ,12.34 ,15.48 ,-17.22 ,2.78 ,7.66 ,12.34 
4/1/03,0.62,4.15,21.3,53.94,-4.47 ,8.88 ,24.23 ,41.69 ,-6.70 ,2.54 ,16.80 ,33.60 
5/1/03,11.33,20.75,35.36,110.4,4.22 ,39.85 ,28.35 ,78.94 ,1.77 ,3.21 ,26.40 ,68.49 
6/1/03,16.83,36.53,62.29,125.45,13.86 ,83.36 ,41.65 ,109.49 ,11.14 ,66.70 ,52.08 ,95.64 
7/1/03,17.22,33.99,52.77,116.74,15.34 ,20.41 ,78.97 ,100.01 ,16.02 ,41.36 ,57.20 ,101.49 
8/1/03,17.5,20.05,47.59,107.28,13.07 ,16.49 ,66.69 ,73.72 ,11.90 ,25.06 ,62.02 ,66.40 
9/1/03,10.65,10.26,34.47,62.18,6.48 ,14.47 ,50.16 ,40.57 ,5.09 ,23.90 ,49.67 ,35.52 
10/1/03,2.43,8.95,31.52,32.59,-3.76 ,13.67 ,39.08 ,17.18 ,-7.76 ,16.48 ,38.58 ,10.99 
11/1/03,-10.82,5.96,25.73,7.23,-19.97 ,8.67 ,24.67 ,4.56 ,-26.48 ,5.04 ,11.59 ,2.79 
12/1/03,-12.02,4.69,26.43,3.41,-20.81 ,7.32 ,27.04 ,1.19 ,-29.63 ,4.07 ,19.20 ,0.37 
1/1/04,-17,4.7,12.85,2.96,-24.97 ,8.28 ,18.50 ,1.96 ,-34.89 ,3.39 ,10.41 ,0.61 
2/1/04,-13.09,3.97,22.67,6.47,-21.35 ,7.32 ,19.89 ,4.25 ,-32.47 ,2.07 ,8.99 ,2.18 
3/1/04,-9.23,4.41,29.62,18.13,-16.12 ,8.06 ,21.67 ,13.72 ,-21.17 ,1.59 ,12.95 ,8.55 
4/1/04,-0.19,4.5,37.67,51.81,-5.07 ,8.43 ,19.18 ,42.11 ,-8.06 ,1.13 ,12.47 ,32.71 
5/1/04,12.13,12.38,26.8,122,3.97 ,21.88 ,30.33 ,74.92 ,1.44 ,2.01 ,32.73 ,61.15 
6/1/04,17.12,37.05,55.51,132.38,13.37 ,94.46 ,50.32 ,100.48 ,10.32 ,78.31 ,55.14 ,91.22 
7/1/04,19,30.89,48.94,131.45,14.96 ,25.35 ,66.27 ,97.50 ,14.47 ,52.33 ,72.42 ,95.91 
8/1/04,14.79,15.51,54.3,95.07,11.54 ,18.14 ,74.30 ,70.77 ,10.97 ,32.31 ,57.59 ,67.60 
9/1/04,9.46,10.32,51.89,57.25,5.52 ,19.91 ,52.86 ,38.05 ,4.62 ,24.94 ,59.19 ,35.72 
10/1/04,1.75,10.29,48.31,26.66,-3.39 ,18.11 ,38.41 ,15.04 ,-9.53 ,20.61 ,27.98 ,12.23 
11/1/04,-5.41,8.7,35.29,7.54,-13.00 ,14.82 ,29.17 ,4.39 ,-20.95 ,6.65 ,26.52 ,2.13 
12/1/04,-18.28,8.08,29.71,1.7,-28.01 ,14.65 ,17.15 ,2.48 ,-38.23 ,5.50 ,10.17 ,0.91 
1/1/05,-17.14,7.28,18.09,0.93,-24.99 ,14.29 ,18.32 ,0.94 ,-34.23 ,5.37 ,12.53 ,0.42 
2/1/05,-20.7,4.85,7.38,4.23,-28.37 ,13.06 ,8.50 ,3.35 ,-33.04 ,3.94 ,4.33 ,2.27 
3/1/05,-7.58,5.18,25.9,20.5,-13.65 ,14.12 ,15.04 ,16.32 ,-20.16 ,3.81 ,8.96 ,11.53 
4/1/05,2.19,4.99,30.33,56.65,-4.12 ,13.33 ,30.80 ,39.80 ,-5.67 ,2.94 ,14.26 ,34.93 
5/1/05,11,23.78,34.41,111.63,5.02 ,45.51 ,26.39 ,81.02 ,4.48 ,22.42 ,22.74 ,78.60 
6/1/05,16.68,33.98,62.35,125.89,12.79 ,67.04 ,65.33 ,95.70 ,12.54 ,70.52 ,61.01 ,96.33 
7/1/05,19.33,27.91,56.49,127.15,16.96 ,22.36 ,61.86 ,108.51 ,15.64 ,41.67 ,80.01 ,99.52 
8/1/05,15.89,15.29,55.23,90.57,12.90 ,16.39 ,60.92 ,74.86 ,11.12 ,40.47 ,88.81 ,66.49 
9/1/05,10.68,9.83,45.14,60.82,6.74 ,16.26 ,43.81 ,43.31 ,5.95 ,39.75 ,33.27 ,40.30 
10/1/05,3.96,10.33,23.59,32.48,-1.93 ,17.09 ,45.44 ,16.10 ,-7.56 ,18.40 ,38.45 ,11.39 
11/1/05,-4.86,7.17,31.16,7.51,-14.37 ,11.84 ,27.15 ,3.77 ,-22.01 ,4.00 ,24.90 ,1.43 
12/1/05,-15.93,3.83,14.96,2.28,-26.72 ,9.32 ,16.92 ,1.95 ,-33.11 ,5.05 ,11.00 ,0.86 
1/1/06,-25.65,3.92,19.83,1.92,-31.86 ,9.23 ,11.64 ,2.18 ,-38.28 ,5.01 ,9.47 ,0.47 
2/1/06,-16.19,3.16,15.8,5.43,-25.25 ,8.29 ,16.85 ,3.59 ,-32.64 ,3.54 ,8.30 ,2.15 
3/1/06,-6.4,3.16,23.25,23.81,-14.55 ,8.91 ,17.05 ,16.78 ,-21.96 ,2.79 ,7.74 ,10.14 
4/1/06,-0.44,3.36,35.66,49.86,-7.81 ,8.52 ,22.22 ,34.61 ,-9.90 ,2.48 ,13.89 ,27.44 
5/1/06,8.9,10.69,33.43,103.07,3.19 ,15.66 ,33.51 ,72.34 ,3.21 ,7.17 ,24.77 ,70.15 
6/1/06,18.44,36.05,50.86,135.74,13.32 ,85.35 ,50.00 ,104.21 ,11.98 ,88.42 ,48.06 ,96.47 
7/1/06,17.57,30.69,73.23,116.55,16.51 ,23.98 ,58.33 ,106.14 ,15.26 ,47.33 ,49.39 ,100.94 
8/1/06,14.26,21.42,48.95,89.5,11.42 ,19.51 ,61.76 ,68.14 ,11.77 ,24.04 ,93.79 ,63.68 
9/1/06,10.61,11.41,37.87,65.61,6.53 ,19.28 ,47.69 ,43.74 ,4.86 ,44.85 ,56.42 ,37.02 
10/1/06,1.05,10.99,47.94,25.68,-6.04 ,14.95 ,38.85 ,16.46 ,-9.80 ,27.15 ,29.93 ,11.51 
11/1/06,-9,7.75,33.42,2.98,-17.65 ,14.29 ,27.25 ,4.55 ,-24.74 ,5.25 ,36.22 ,1.92 
12/1/06,-10.83,8.09,40.22,1.54,-21.19 ,12.03 ,26.96 ,1.45 ,-32.14 ,6.57 ,14.78 ,0.72 
1/1/07,-10.99,6.95,26.02,4.64,-19.77 ,11.78 ,24.78 ,1.32 ,-29.88 ,6.37 ,15.71 ,0.38 
2/1/07,-17.19,5.28,24.16,5.09,-23.86 ,10.22 ,13.26 ,5.12 ,-32.84 ,4.58 ,8.80 ,2.33 
3/1/07,-7.71,4.49,18.2,19.51,-14.95 ,11.18 ,14.79 ,15.33 ,-20.93 ,4.54 ,8.33 ,9.87 
4/1/07,5.17,4.91,27.59,65.32,-0.29 ,11.58 ,19.91 ,48.66 ,-4.34 ,3.55 ,14.72 ,38.70 
5/1/07,9.54,25.33,73.83,93.76,4.33 ,54.50 ,52.56 ,74.50 ,4.34 ,21.55 ,38.68 ,71.81 
6/1/07,14.69,33.75,64.49,112.38,11.70 ,71.00 ,67.94 ,91.84 ,11.95 ,88.42 ,64.70 ,92.73 
7/1/07,20.05,34.66,66.76,127.67,16.76 ,27.54 ,54.67 ,109.15 ,14.12 ,49.35 ,78.70 ,93.89 
8/1/07,16.19,33.37,57.05,96.24,13.14 ,21.04 ,78.54 ,70.65 ,12.92 ,37.61 ,57.48 ,71.80 
9/1/07,10.77,23.45,36.85,63.68,6.77 ,26.71 ,50.22 ,44.02 ,5.14 ,31.62 ,48.53 ,38.02 
10/1/07,2.75,12.71,28.71,29.39,-3.17 ,19.97 ,38.67 ,15.93 ,-6.61 ,20.52 ,36.98 ,11.91 
11/1/07,-7.38,9.93,29.16,8.09,-14.25 ,12.04 ,26.65 ,3.51 ,-22.99 ,6.20 ,21.58 ,1.73 
12/1/07,-13.78,7.62,24.07,1.38,-20.95 ,10.40 ,29.76 ,1.00 ,-31.34 ,5.58 ,14.84 ,0.35 
1/1/08,-20.01,6.68,12.73,1.87,-28.40 ,9.84 ,14.23 ,1.51 ,-34.78 ,5.65 ,11.94 ,0.51 
2/1/08,-14.42,4.4,21.8,4.59,-20.78 ,9.70 ,18.28 ,3.84 ,-27.74 ,4.21 ,10.10 ,2.31 
3/1/08,-4.14,4.23,30.27,26.69,-10.05 ,10.12 ,21.72 ,20.45 ,-14.53 ,3.57 ,16.41 ,13.09 
4/1/08,1.46,4.88,29.93,62.44,-5.35 ,9.45 ,21.29 ,40.49 ,-8.49 ,3.02 ,19.86 ,31.15 
5/1/08,10.23,17.78,32.15,109.13,4.26 ,39.20 ,29.23 ,78.03 ,4.12 ,18.87 ,25.29 ,75.12 
6/1/08,16.1,36.28,49.6,126.29,13.27 ,76.85 ,67.91 ,99.13 ,13.64 ,83.75 ,49.29 ,103.78 
7/1/08,19.55,33.69,59.5,132.73,15.11 ,28.58 ,91.04 ,93.11 ,15.19 ,38.73 ,87.94 ,94.06 
8/1/08,15.84,18.58,57.67,98.28,12.39 ,25.26 ,79.11 ,69.05 ,12.59 ,38.72 ,83.58 ,65.90 
9/1/08,8.75,12.4,46.17,52.11,6.01 ,19.70 ,42.49 ,39.47 ,3.56 ,48.39 ,55.00 ,33.41 
10/1/08,3.63,11.1,33.2,29.99,-2.04 ,18.32 ,39.79 ,15.70 ,-5.45 ,23.58 ,30.67 ,11.68 
11/1/08,-3.77,9.82,40.94,8.6,-14.32 ,12.30 ,39.02 ,4.81 ,-24.70 ,7.00 ,22.44 ,1.93 
12/1/08,-13.62,7.43,25.24,2.05,-24.21 ,11.88 ,29.00 ,2.02 ,-35.55 ,5.28 ,16.68 ,0.87 
1/1/09,-18.16,7.5,21.89,2.15,-25.61 ,11.18 ,14.73 ,1.61 ,-33.28 ,6.59 ,11.55 ,0.49 
2/1/09,-19.43,5.65,19,4.19,-27.51 ,10.22 ,12.68 ,3.42 ,-35.63 ,3.96 ,5.78 ,1.81 
3/1/09,-7.41,4.85,20.65,20.4,-16.30 ,10.86 ,12.89 ,15.27 ,-21.50 ,2.76 ,15.07 ,8.99 
4/1/09,2.62,4.5,28.72,60.95,-1.29 ,10.81 ,18.34 ,49.59 ,-5.02 ,2.33 ,14.96 ,38.49 
5/1/09,9.36,17.96,40.79,107.47,3.42 ,29.04 ,39.51 ,73.73 ,2.80 ,17.00 ,44.31 ,65.98 
6/1/09,14.92,36.54,54.82,117.67,11.81 ,82.35 ,61.08 ,91.28 ,12.70 ,93.80 ,42.89 ,97.36 
7/1/09,17.53,31.84,71.39,119.29,15.82 ,25.65 ,67.99 ,104.34 ,15.30 ,43.52 ,62.56 ,103.11 
8/1/09,15.85,19.47,57.55,94.91,12.95 ,16.72 ,70.53 ,75.30 ,11.72 ,29.90 ,68.06 ,69.54 
9/1/09,10.53,12.39,31.35,58.86,5.98 ,15.69 ,52.07 ,39.58 ,4.99 ,30.02 ,56.71 ,34.88 
10/1/09,2.47,10.92,38.86,28.02,-4.08 ,16.78 ,29.45 ,12.90 ,-7.28 ,26.67 ,30.48 ,8.86 
11/1/09,-9.59,6.82,34.55,4.72,-20.73 ,13.01 ,26.66 ,3.78 ,-27.78 ,6.11 ,17.69 ,2.26 
12/1/09,-20.97,5.1,32.21,1.2,-31.25 ,11.75 ,16.60 ,2.06 ,-36.64 ,5.15 ,10.26 ,0.90 
1/1/10,-24.34,4.67,18.66,1.83,-30.31 ,10.61 ,19.82 ,1.75 ,-35.63 ,5.36 ,11.14 ,0.68 
2/1/10,-23.07,3.79,14.22,3.03,-29.17 ,9.80 ,9.95 ,3.69 ,-32.79 ,3.50 ,7.07 ,1.99 
3/1/10,-9.35,3.53,30.05,18.01,-16.99 ,10.47 ,12.90 ,13.60 ,-22.71 ,2.59 ,5.19 ,9.53 
4/1/10,2.15,4.18,20.42,59.87,-5.90 ,9.68 ,15.52 ,38.80 ,-8.81 ,1.76 ,10.78 ,31.90 
5/1/10,9.09,22.48,36.06,101.03,4.17 ,22.20 ,38.93 ,76.10 ,5.09 ,18.49 ,36.85 ,76.26 
6/1/10,16.38,28.49,44.68,133.53,12.45 ,75.52 ,62.07 ,96.60 ,12.47 ,70.41 ,68.14 ,93.47 
7/1/10,17.54,25.96,55.45,123.48,15.54 ,27.76 ,78.04 ,98.67 ,16.57 ,42.75 ,74.33 ,105.35 
8/1/10,16.31,20.97,49.07,101.98,11.77 ,20.78 ,78.69 ,67.68 ,12.02 ,28.31 ,53.41 ,69.16 
9/1/10,9.24,10.45,33.2,63.37,4.77 ,24.61 ,50.10 ,39.95 ,3.57 ,27.16 ,43.62 ,36.79 
10/1/10,3.26,10,23.55,32.5,-3.21 ,20.23 ,35.02 ,15.91 ,-8.92 ,14.33 ,30.22 ,11.15 
11/1/10,-5.35,9.57,51.32,6.18,-14.35 ,12.40 ,33.83 ,3.18 ,-21.22 ,3.81 ,23.10 ,0.94 
12/1/10,-19.04,6.39,33.56,2.4,-29.90 ,9.56 ,20.37 ,2.60 ,-36.26 ,4.32 ,16.46 ,0.93 
1/1/11,-22.02,6,10.83,1.9,-29.18 ,10.26 ,13.01 ,1.49 ,-33.95 ,3.62 ,9.62 ,0.61 
2/1/11,-17.32,5.22,17.96,4.8,-23.17 ,9.05 ,14.70 ,4.18 ,-31.79 ,2.85 ,8.76 ,2.03 
3/1/11,-8.09,4.8,19.97,22.39,-11.50 ,8.99 ,15.78 ,18.69 ,-16.51 ,2.30 ,10.87 ,12.02 
4/1/11,5.32,7.63,31.95,67.01,-0.48 ,8.92 ,22.62 ,48.83 ,-4.42 ,1.71 ,13.92 ,38.49 
5/1/11,10.34,34.05,30.93,114.93,5.40 ,93.11 ,34.97 ,82.02 ,4.48 ,24.98 ,23.63 ,80.11 
6/1/11,17.79,33.28,68.92,126.78,14.49 ,36.93 ,51.62 ,107.96 ,12.41 ,51.16 ,53.03 ,97.14 
7/1/11,16.88,24.58,62.09,118.73,14.34 ,20.73 ,93.82 ,91.74 ,16.88 ,33.85 ,70.74 ,106.84 
8/1/11,14.79,14.31,56.4,89.15,13.08 ,23.60 ,81.06 ,72.19 ,13.45 ,27.91 ,64.82 ,72.99 
9/1/11,11.14,11.18,31.42,68.46,5.55 ,22.96 ,29.60 ,45.77 ,2.52 ,25.02 ,44.11 ,35.13 
10/1/11,4.21,11.76,34.54,28.36,-0.88 ,17.70 ,35.99 ,17.12 ,-5.96 ,18.81 ,37.95 ,11.34 
11/1/11,-9.62,7.66,34.79,5.67,-17.06 ,10.61 ,23.69 ,4.10 ,-24.70 ,6.11 ,15.66 ,1.91 
12/1/11,-14.9,6.31,16.55,1.44,-22.73 ,8.50 ,23.93 ,1.04 ,-33.22 ,5.65 ,12.50 ,0.74 
1/1/12,-20.4,5.95,8.96,1.31,-28.61 ,8.65 ,16.12 ,1.35 ,-34.93 ,4.34 ,14.83 ,0.42 
2/1/12,-19.14,4.95,5.16,4.73,-22.86 ,7.68 ,14.77 ,3.71 ,-31.04 ,3.88 ,10.77 ,2.20 
3/1/12,-8.26,4.53,22.83,19.45,-15.06 ,8.16 ,9.43 ,15.42 ,-23.17 ,3.88 ,8.37 ,9.19 
4/1/12,5.33,5.41,30.64,72.15,-3.26 ,7.61 ,28.10 ,42.12 ,-7.11 ,3.69 ,29.51 ,30.23 
5/1/12,10.64,23.31,31.15,111.03,4.88 ,30.83 ,45.07 ,76.44 ,4.97 ,33.54 ,32.55 ,75.78 
6/1/12,19.1,23.22,49.3,141.76,13.70 ,52.73 ,47.55 ,102.50 ,13.26 ,68.43 ,55.86 ,99.95 
7/1/12,20.27,14.86,42.71,137.69,16.68 ,17.17 ,64.49 ,103.62 ,16.18 ,42.15 ,60.01 ,106.24 
8/1/12,16.09,9.96,50.07,100.44,11.66 ,12.52 ,64.13 ,69.35 ,10.82 ,38.50 ,84.28 ,65.21 
9/1/12,11.18,9.35,49.93,63.43,7.80 ,12.61 ,46.67 ,46.13 ,5.50 ,36.61 ,42.51 ,41.45 
10/1/12,2.33,10.27,44.7,27.07,-5.05 ,11.44 ,33.27 ,14.57 ,-8.62 ,19.72 ,37.24 ,10.10 
11/1/12,-9.03,6.32,41.63,5.66,-18.69 ,7.50 ,22.59 ,5.17 ,-24.90 ,4.79 ,15.84 ,1.67 
12/1/12,-21.82,5.82,19.46,1.62,-30.56 ,6.55 ,13.81 ,2.80 ,-35.50 ,3.48 ,10.87 ,1.23 
1/1/13,-19.07,4.81,25.94,1.81,-28.73 ,7.07 ,17.44 ,1.98 ,-37.80 ,5.25 ,8.07 ,0.55 
2/1/13,-14.97,4.35,17.73,5.67,-23.93 ,6.13 ,15.40 ,4.45 ,-32.97 ,3.38 ,8.17 ,1.92 
3/1/13,-9.27,3.88,36.02,19.82,-16.63 ,6.61 ,16.61 ,17.36 ,-22.62 ,3.03 ,8.18 ,9.94 
4/1/13,3.59,3.49,29.6,60.83,-3.54 ,6.37 ,21.34 ,42.49 ,-6.77 ,2.40 ,11.92 ,33.55 
5/1/13,8.36,18.48,50.92,98.02,4.59 ,54.44 ,44.09 ,74.87 ,5.28 ,37.04 ,37.84 ,78.56 
6/1/13,15.52,26.98,41.37,125.15,12.35 ,50.94 ,59.69 ,94.87 ,12.57 ,66.24 ,62.89 ,97.61 
7/1/13,18.69,26.06,66.42,126.1,15.57 ,20.11 ,58.31 ,105.29 ,14.52 ,39.04 ,95.07 ,92.87 
8/1/13,16.36,22.27,68.7,91.21,13.49 ,13.41 ,69.30 ,70.43 ,12.28 ,52.55 ,62.78 ,68.43 
9/1/13,9.26,13.52,36.16,56.13,4.51 ,16.91 ,51.72 ,37.69 ,3.61 ,34.92 ,48.85 ,34.39 
10/1/13,1.45,12.8,43.5,26.36,-3.82 ,14.08 ,40.37 ,17.45 ,-7.79 ,17.39 ,26.58 ,13.65 
11/1/13,-3.01,10,36.53,8.52,-11.67 ,10.84 ,37.84 ,4.17 ,-20.63 ,4.17 ,28.12 ,1.43 
12/1/13,-11.15,7.34,35.06,2.08,-19.16 ,9.40 ,27.99 ,1.01 ,-28.21 ,5.35 ,15.24 ,0.38 
1/1/14,-18.52,6.69,26.77,1.77,-27.96 ,7.75 ,17.27 ,1.72 ,-38.04 ,5.57 ,10.76 ,0.59 
2/1/14,-20.91,5.39,18.45,3.06,-26.67 ,6.65 ,11.84 ,4.14 ,-32.71 ,3.91 ,12.17 ,1.98 
3/1/14,-4.87,5.86,27.24,22.24,-10.86 ,7.01 ,16.04 ,17.43 ,-16.81 ,3.08 ,8.63 ,10.06 
4/1/14,2.89,5.68,27.65,62.69,-0.13 ,7.74 ,23.69 ,51.38 ,-2.73 ,2.54 ,19.24 ,43.75 
5/1/14,9.89,23.52,40.64,110.33,3.96 ,58.57 ,42.29 ,74.00 ,4.98 ,49.68 ,28.11 ,79.51 
6/1/14,16.14,36.08,46.83,129.91,12.70 ,68.88 ,52.58 ,98.88 ,12.80 ,62.95 ,49.06 ,100.74 
7/1/14,16.48,35.93,84.95,112.41,16.08 ,27.51 ,70.12 ,104.36 ,15.72 ,37.34 ,69.07 ,99.98 
8/1/14,16.79,29.38,55.13,100.34,12.34 ,19.20 ,73.35 ,73.41 ,12.65 ,28.80 ,65.89 ,72.52 
9/1/14,8.09,15.91,40.85,55.39,4.42 ,21.53 ,45.01 ,41.37 ,3.98 ,28.44 ,46.30 ,36.99 
10/1/14,-0.53,13.72,59.36,20.97,-5.38 ,15.95 ,31.23 ,16.54 ,-8.77 ,21.04 ,26.43 ,11.84 
11/1/14,-9.22,8.88,28.85,4.57,-16.87 ,10.30 ,27.96 ,4.33 ,-24.53 ,3.28 ,19.48 ,1.97 
12/1/14,-13.02,10.46,24.03,2.52,-21.03 ,8.71 ,27.85 ,1.01 ,-33.88 ,3.75 ,13.01 ,0.39 
1/1/15,-16.27,8.15,30.46,1.83,-23.36 ,8.99 ,23.75 ,1.78 ,-31.71 ,4.08 ,14.99 ,0.45 
2/1/15,-12.17,5.88,20.83,6.38,-19.70 ,7.65 ,18.91 ,4.57 ,-26.97 ,3.26 ,9.03 ,2.08 
3/1/15,-6.53,6.21,20.38,23.11,-12.06 ,8.38 ,23.03 ,16.97 ,-17.29 ,2.58 ,15.25 ,10.56 
4/1/15,3.79,6.18,32.4,61.94,-1.92 ,8.57 ,27.06 ,42.80 ,-7.78 ,2.55 ,20.03 ,30.29 
5/1/15,11.88,25.71,45.58,113.77,5.40 ,52.63 ,31.83 ,81.21 ,3.14 ,26.73 ,28.93 ,72.39 
6/1/15,18.14,35.52,62.97,133.38,13.45 ,69.12 ,45.46 ,106.16 ,11.74 ,86.09 ,52.00 ,96.12 
7/1/15,17.68,35.29,86.19,117.85,16.97 ,20.94 ,65.48 ,107.23 ,16.32 ,45.30 ,55.34 ,108.59 
8/1/15,14.92,38.53,75.95,92.7,13.58 ,19.23 ,67.43 ,73.46 ,13.45 ,27.56 ,52.70 ,73.28 
9/1/15,9.1,25.56,48.83,55.91,5.55 ,22.07 ,45.80 ,39.87 ,4.31 ,19.52 ,35.27 ,37.46 
10/1/15,0.75,14.98,49.2,26.15,-3.44 ,15.48 ,34.48 ,16.82 ,-7.75 ,15.38 ,28.68 ,11.04 
11/1/15,-9.91,11.98,32.92,3.37,-18.21 ,10.53 ,20.57 ,3.96 ,-24.75 ,4.11 ,14.83 ,1.89 
12/1/15,-10.49,9.56,39.83,1.63,-19.13 ,9.75 ,28.39 ,1.04 ,-30.50 ,3.55 ,18.28 ,0.49 
1/1/16,-20.43,7.06,13.39,2.19,-26.83 ,9.68 ,7.56 ,2.28 ,-32.17 ,4.32 ,14.10 ,0.68 
2/1/16,-10.85,5.8,19.34,6.12,-19.66 ,8.65 ,20.77 ,3.86 ,-30.39 ,3.80 ,11.17 ,2.24 
3/1/16,-5.29,5.53,22.56,23.13,-10.62 ,9.93 ,17.07 ,18.24 ,-16.70 ,3.03 ,12.99 ,12.29 
4/1/16,5.75,5.44,31.88,64.47,-2.00 ,10.36 ,18.36 ,46.03 ,-5.51 ,2.82 ,14.83 ,37.29 
5/1/16,9.75,28.5,32.33,112.93,3.04 ,30.28 ,33.35 ,75.70 ,2.84 ,28.91 ,38.65 ,68.30 
6/1/16,17.4,35.74,63.05,129.7,14.27 ,69.24 ,34.71 ,118.08 ,12.12 ,81.10 ,39.17 ,105.38 
7/1/16,19.54,33.27,80.63,121.38,16.58 ,17.57 ,49.33 ,109.03 ,14.53 ,43.93 ,81.64 ,96.11 
8/1/16,17.72,22.89,36.08,106.41,13.37 ,16.06 ,73.61 ,74.31 ,11.20 ,45.98 ,67.37 ,67.47 
9/1/16,12.1,12.44,35.85,65.61,7.61 ,16.30 ,27.47 ,45.88 ,5.53 ,29.30 ,31.82 ,39.41 
10/1/16,-0.86,10.19,31.75,20.94,-7.45 ,12.28 ,16.81 ,14.36 ,-10.13 ,18.56 ,18.71 ,12.05 
11/1/16,-13.42,6.09,41.75,3.7,-19.96 ,9.13 ,23.73 ,5.37 ,-26.26 ,3.92 ,15.50 ,2.56 
12/1/16,-16.8,4.96,33.99,1.69,-23.69 ,8.42 ,24.57 ,1.73 ,-33.54 ,6.07 ,14.09 ,0.92 
1/1/17,-17.33,4.54,23.44,1.74,-25.48 ,8.47 ,15.06 ,1.44 ,-32.81 ,5.81 ,10.35 ,0.40 
2/1/17,-14.75,4.14,20.99,4.3,-20.29 ,7.42 ,12.41 ,3.50 ,-28.25 ,4.15 ,8.51 ,2.21 
3/1/17,-5.25,4.52,14.71,26.88,-8.86 ,8.13 ,18.59 ,21.91 ,-14.20 ,3.16 ,9.50 ,14.12 
4/1/17,3.26,4.43,31.77,60.55,-2.05 ,8.56 ,29.51 ,47.35 ,-4.40 ,2.34 ,19.27 ,37.70 
5/1/17,9.46,20.37,44.23,105.55,4.37 ,32.00 ,40.06 ,78.13 ,2.80 ,7.32 ,41.72 ,68.82 
6/1/17,17.49,38.72,59.88,132.38,14.67 ,86.10 ,46.42 ,110.83 ,13.29 ,86.57 ,40.39 ,109.96 
7/1/17,18.44,38.15,64.22,127.27,16.00 ,24.04 ,65.01 ,105.81 ,14.91 ,35.58 ,67.73 ,99.08 
8/1/17,16.5,27.42,47.45,102.03,13.16 ,16.11 ,75.78 ,71.32 ,13.43 ,30.77 ,56.31 ,71.17 
9/1/17,8.85,14.29,45.37,55.32,4.76 ,20.99 ,55.33 ,38.06 ,4.32 ,29.45 ,53.10 ,32.71 
10/1/17,1.09,12.48,32.45,26.32,-3.89 ,18.60 ,26.77 ,15.91 ,-8.42 ,26.52 ,22.29 ,12.74 
11/1/17,-5.9,7.94,26.23,6.8,-16.94 ,9.84 ,28.08 ,3.98 ,-26.11 ,5.52 ,16.35 ,2.35 
12/1/17,-12.57,6.34,21.75,2.77,-21.34 ,8.78 ,29.46 ,1.57 ,-34.33 ,5.45 ,12.08 ,1.02 
1/1/18,-19.94,5.5,14.91,2.12,-26.87 ,8.63 ,16.35 ,1.51 ,-34.46 ,3.93 ,13.09 ,0.60 
2/1/18,-16.83,4.48,11.08,5.28,-23.64 ,7.38 ,13.12 ,4.48 ,-31.02 ,3.45 ,7.33 ,2.41 
3/1/18,-8.86,4.91,31.07,20.55,-13.88 ,8.67 ,20.52 ,17.54 ,-20.66 ,3.13 ,10.67 ,9.78 
4/1/18,1.73,4.52,31.56,56.46,-3.04 ,9.15 ,24.96 ,45.91 ,-5.62 ,2.60 ,16.84 ,37.56 
5/1/18,6.77,8.4,50.27,91.36,3.71 ,25.16 ,39.59 ,78.49 ,4.48 ,11.17 ,34.79 ,78.92 
6/1/18,16.83,35.36,62.1,128.89,15.13 ,87.76 ,38.76 ,112.00 ,13.02 ,68.88 ,43.31 ,101.73 
7/1/18,18.69,36.89,50.18,132.02,14.30 ,21.52 ,74.16 ,95.63 ,14.81 ,47.74 ,74.44 ,95.52 
8/1/18,15.68,31.87,66.72,93.28,13.59 ,18.72 ,72.65 ,75.04 ,13.20 ,51.59 ,58.17 ,73.85 
9/1/18,10.41,14.78,35.21,60.9,6.19 ,18.71 ,50.00 ,41.14 ,4.44 ,44.48 ,49.28 ,38.33 
10/1/18,3.56,11.37,45.41,31.56,-0.23 ,17.72 ,39.29 ,19.22 ,-4.04 ,26.86 ,21.69 ,14.74 
11/1/18,-9.49,8.36,42.55,6.31,-17.24 ,9.34 ,29.53 ,5.13 ,-23.40 ,7.15 ,18.83 ,1.94 
12/1/18,-17.52,7.28,17.56,1.91,-26.06 ,9.24 ,21.50 ,1.87 ,-32.78 ,5.23 ,14.42 ,0.81 
1/1/19,-16.8,6.07,18.17,2.42,-23.59 ,8.99 ,18.27 ,1.76 ,-32.52 ,6.65 ,10.90 ,0.63 
2/1/19,-17.59,4.71,16.27,3.42,-22.54 ,8.00 ,12.23 ,2.64 ,-28.25 ,5.88 ,9.58 ,1.59 
3/1/19,-3.91,5.11,19.71,26.01,-8.86 ,9.27 ,16.39 ,20.78 ,-16.99 ,5.20 ,8.24 ,12.88 
4/1/19,2.49,4.64,26.35,61.91,-3.30 ,9.73 ,27.32 ,46.32 ,-5.05 ,3.68 ,17.69 ,38.39 
5/1/19,9.64,19.81,33.72,111.27,4.01 ,19.69 ,38.25 ,76.20 ,3.77 ,8.13 ,39.32 ,70.73 
6/1/19,15.01,35.82,61.71,115.04,13.71 ,77.82 ,62.76 ,103.44 ,13.93 ,61.33 ,43.03 ,109.79 
7/1/19,19.14,33.52,58.21,128.07,16.88 ,25.50 ,66.20 ,104.88 ,15.36 ,35.43 ,54.54 ,103.77 
8/1/19,16.59,25.39,59.32,100.31,14.15 ,15.65 ,54.84 ,77.01 ,12.71 ,18.60 ,49.29 ,71.01 
9/1/19,10.25,15.35,43.8,59.5,7.02 ,14.93 ,48.15 ,43.50 ,4.91 ,16.75 ,48.93 ,36.64 
10/1/19,3.51,14.56,41.59,32.39,-2.72 ,17.18 ,43.51 ,17.82 ,-6.27 ,19.42 ,34.39 ,12.13 
11/1/19,-10.18,7.85,34.16,5.83,-18.57 ,10.42 ,26.84 ,4.62 ,-24.33 ,5.50 ,19.24 ,2.10 
12/1/19,-12.16,7.82,28.9,1.61,-23.37 ,10.78 ,27.58 ,1.30 ,-34.70 ,4.06 ,12.84 ,0.96 